Rank,Club,Country,Level,Elo,From,To
None,Bournemouth,ENG,2,1428.95483398,1987-07-01,1987-08-15
None,Bournemouth,ENG,2,1441.60913086,1987-08-16,1987-08-22
None,Bournemouth,ENG,2,1451.54882812,1987-08-23,1987-08-29
None,Bournemouth,ENG,2,1455.96801758,1987-08-30,1987-08-31
None,Bournemouth,ENG,2,1446.30102539,1987-09-01,1987-09-05
None,Bournemouth,ENG,2,1441.97119141,1987-09-06,1987-09-12
None,Bournemouth,ENG,2,1452.88574219,1987-09-13,1987-09-15
None,Bournemouth,ENG,2,1442.34680176,1987-09-16,1987-09-19
None,Bournemouth,ENG,2,1433.62158203,1987-09-20,1987-09-26
None,Bournemouth,ENG,2,1427.28088379,1987-09-27,1987-09-29
None,Bournemouth,ENG,2,1425.62402344,1987-09-30,1987-10-03
None,Bournemouth,ENG,2,1421.64013672,1987-10-04,1987-10-10
None,Bournemouth,ENG,2,1420.07287598,1987-10-11,1987-10-17
None,Bournemouth,ENG,2,1426.85534668,1987-10-18,1987-10-20
None,Bournemouth,ENG,2,1436.3269043,1987-10-21,1987-10-24
None,Bournemouth,ENG,2,1432.35681152,1987-10-25,1987-10-31
None,Bournemouth,ENG,2,1433.47521973,1987-11-01,1987-11-03
None,Bournemouth,ENG,2,1445.44177246,1987-11-04,1987-11-07
None,Bournemouth,ENG,2,1437.22521973,1987-11-08,1987-11-21
None,Bournemouth,ENG,2,1421.08972168,1987-11-22,1987-11-28
None,Bournemouth,ENG,2,1414.62011719,1987-11-29,1987-12-01
None,Bournemouth,ENG,2,1406.90478516,1987-12-02,1987-12-05
None,Bournemouth,ENG,2,1405.59155273,1987-12-06,1987-12-12
None,Bournemouth,ENG,2,1401.6027832,1987-12-13,1987-12-19
None,Bournemouth,ENG,2,1403.05993652,1987-12-20,1987-12-26
None,Bournemouth,ENG,2,1416.47912598,1987-12-27,1987-12-28
None,Bournemouth,ENG,2,1422.69934082,1987-12-29,1988-01-01
None,Bournemouth,ENG,2,1432.12670898,1988-01-02,1988-01-16
None,Bournemouth,ENG,2,1421.66955566,1988-01-17,1988-02-06
None,Bournemouth,ENG,2,1439.13842773,1988-02-07,1988-02-13
None,Bournemouth,ENG,2,1434.2623291,1988-02-14,1988-02-27
None,Bournemouth,ENG,2,1434.20214844,1988-02-28,1988-03-05
None,Bournemouth,ENG,2,1429.58081055,1988-03-06,1988-03-08
None,Bournemouth,ENG,2,1425.27624512,1988-03-09,1988-03-12
None,Bournemouth,ENG,2,1421.27832031,1988-03-13,1988-03-19
None,Bournemouth,ENG,2,1434.07678223,1988-03-20,1988-03-26
None,Bournemouth,ENG,2,1435.39001465,1988-03-27,1988-04-02
None,Bournemouth,ENG,2,1429.23718262,1988-04-03,1988-04-08
None,Bournemouth,ENG,2,1424.0645752,1988-04-09,1988-04-13
None,Bournemouth,ENG,2,1426.72033691,1988-04-14,1988-04-19
None,Bournemouth,ENG,2,1420.04309082,1988-04-20,1988-04-26
None,Bournemouth,ENG,2,1431.91088867,1988-04-27,1988-04-30
None,Bournemouth,ENG,2,1440.07592773,1988-05-01,1988-05-02
None,Bournemouth,ENG,2,1449.97692871,1988-05-03,1988-05-07
None,Bournemouth,ENG,2,1445.18017578,1988-05-08,1988-08-27
None,Bournemouth,ENG,2,1447.23242188,1988-08-28,1988-09-03
None,Bournemouth,ENG,2,1457.79760742,1988-09-04,1988-09-07
None,Bournemouth,ENG,2,1458.98669434,1988-09-08,1988-09-10
None,Bournemouth,ENG,2,1467.84924316,1988-09-11,1988-09-17
None,Bournemouth,ENG,2,1467.7154541,1988-09-18,1988-09-20
None,Bournemouth,ENG,2,1459.82653809,1988-09-21,1988-09-24
None,Bournemouth,ENG,2,1468.59387207,1988-09-25,1988-10-01
None,Bournemouth,ENG,2,1463.04943848,1988-10-02,1988-10-05
None,Bournemouth,ENG,2,1469.42199707,1988-10-06,1988-10-08
None,Bournemouth,ENG,2,1457.47277832,1988-10-09,1988-10-15
None,Bournemouth,ENG,2,1453.95739746,1988-10-16,1988-10-21
None,Bournemouth,ENG,2,1443.50610352,1988-10-22,1988-10-25
None,Bournemouth,ENG,2,1437.72351074,1988-10-26,1988-10-26
None,Bournemouth,ENG,2,1430.88977051,1988-10-27,1988-10-29
None,Bournemouth,ENG,2,1439.78344727,1988-10-30,1988-11-05
None,Bournemouth,ENG,2,1452.12890625,1988-11-06,1988-11-09
None,Bournemouth,ENG,2,1446.89013672,1988-11-10,1988-11-12
None,Bournemouth,ENG,2,1459.7713623,1988-11-13,1988-11-19
None,Bournemouth,ENG,2,1452.27441406,1988-11-20,1988-11-26
None,Bournemouth,ENG,2,1443.40014648,1988-11-27,1988-11-29
None,Bournemouth,ENG,2,1456.0447998,1988-11-30,1988-12-03
None,Bournemouth,ENG,2,1464.53930664,1988-12-04,1988-12-10
None,Bournemouth,ENG,2,1467.86499023,1988-12-11,1988-12-17
None,Bournemouth,ENG,2,1472.19897461,1988-12-18,1988-12-26
None,Bournemouth,ENG,2,1483.56689453,1988-12-27,1988-12-31
None,Bournemouth,ENG,2,1480.16809082,1989-01-01,1989-01-02
None,Bournemouth,ENG,2,1485.10595703,1989-01-03,1989-01-14
None,Bournemouth,ENG,2,1472.49206543,1989-01-15,1989-01-21
None,Bournemouth,ENG,2,1463.18151855,1989-01-22,1989-02-04
None,Bournemouth,ENG,2,1471.10705566,1989-02-05,1989-02-11
None,Bournemouth,ENG,2,1478.86633301,1989-02-12,1989-02-25
None,Bournemouth,ENG,2,1485.99084473,1989-02-26,1989-02-28
None,Bournemouth,ENG,2,1484.10900879,1989-03-01,1989-03-04
None,Bournemouth,ENG,2,1496.05725098,1989-03-05,1989-03-11
None,Bournemouth,ENG,2,1505.86950684,1989-03-12,1989-03-14
None,Bournemouth,ENG,2,1498.44421387,1989-03-15,1989-03-18
None,Bournemouth,ENG,2,1489.61938477,1989-03-19,1989-03-25
None,Bournemouth,ENG,2,1486.2199707,1989-03-26,1989-03-27
None,Bournemouth,ENG,2,1492.61535645,1989-03-28,1989-04-01
None,Bournemouth,ENG,2,1484.33569336,1989-04-02,1989-04-04
None,Bournemouth,ENG,2,1483.65686035,1989-04-05,1989-04-08
None,Bournemouth,ENG,2,1476.07958984,1989-04-09,1989-04-11
None,Bournemouth,ENG,2,1468.67810059,1989-04-12,1989-04-15
None,Bournemouth,ENG,2,1459.62145996,1989-04-16,1989-04-22
None,Bournemouth,ENG,2,1453.08898926,1989-04-23,1989-04-29
None,Bournemouth,ENG,2,1461.02966309,1989-04-30,1989-05-01
None,Bournemouth,ENG,2,1455.5291748,1989-05-02,1989-05-06
None,Bournemouth,ENG,2,1461.15856934,1989-05-07,1989-05-13
None,Bournemouth,ENG,2,1458.66271973,1989-05-14,1989-08-19
None,Bournemouth,ENG,2,1452.51501465,1989-08-20,1989-08-22
None,Bournemouth,ENG,2,1452.05175781,1989-08-23,1989-08-26
None,Bournemouth,ENG,2,1457.41906738,1989-08-27,1989-09-02
None,Bournemouth,ENG,2,1462.3704834,1989-09-03,1989-09-09
None,Bournemouth,ENG,2,1472.04174805,1989-09-10,1989-09-13
None,Bournemouth,ENG,2,1474.29504395,1989-09-14,1989-09-16
None,Bournemouth,ENG,2,1470.89282227,1989-09-17,1989-09-23
None,Bournemouth,ENG,2,1459.85925293,1989-09-24,1989-09-26
None,Bournemouth,ENG,2,1456.98461914,1989-09-27,1989-09-30
None,Bournemouth,ENG,2,1467.8626709,1989-10-01,1989-10-07
None,Bournemouth,ENG,2,1463.55578613,1989-10-08,1989-10-14
None,Bournemouth,ENG,2,1473.35644531,1989-10-15,1989-10-17
None,Bournemouth,ENG,2,1478.06469727,1989-10-18,1989-10-21
None,Bournemouth,ENG,2,1466.34228516,1989-10-22,1989-11-01
None,Bournemouth,ENG,2,1468.10375977,1989-11-02,1989-11-04
None,Bournemouth,ENG,2,1462.30957031,1989-11-05,1989-11-11
None,Bournemouth,ENG,2,1453.01708984,1989-11-12,1989-11-18
None,Bournemouth,ENG,2,1458.08129883,1989-11-19,1989-11-25
None,Bournemouth,ENG,2,1452.54284668,1989-11-26,1989-12-02
None,Bournemouth,ENG,2,1438.07678223,1989-12-03,1989-12-05
None,Bournemouth,ENG,2,1451.13598633,1989-12-06,1989-12-09
None,Bournemouth,ENG,2,1455.16442871,1989-12-10,1989-12-16
None,Bournemouth,ENG,2,1461.40380859,1989-12-17,1989-12-26
None,Bournemouth,ENG,2,1455.72094727,1989-12-27,1989-12-30
None,Bournemouth,ENG,2,1446.8684082,1989-12-31,1990-01-01
None,Bournemouth,ENG,2,1444.40124512,1990-01-02,1990-01-13
None,Bournemouth,ENG,2,1461.69995117,1990-01-14,1990-01-20
None,Bournemouth,ENG,2,1472.93005371,1990-01-21,1990-02-03
None,Bournemouth,ENG,2,1476.9375,1990-02-04,1990-02-10
None,Bournemouth,ENG,2,1475.8918457,1990-02-11,1990-02-24
None,Bournemouth,ENG,2,1481.28466797,1990-02-25,1990-02-28
None,Bournemouth,ENG,2,1474.7175293,1990-03-01,1990-03-03
None,Bournemouth,ENG,2,1475.50683594,1990-03-04,1990-03-06
None,Bournemouth,ENG,2,1466.08520508,1990-03-07,1990-03-10
None,Bournemouth,ENG,2,1468.92541504,1990-03-11,1990-03-17
None,Bournemouth,ENG,2,1459.90124512,1990-03-18,1990-03-20
None,Bournemouth,ENG,2,1451.99633789,1990-03-21,1990-03-24
None,Bournemouth,ENG,2,1451.65258789,1990-03-25,1990-03-31
None,Bournemouth,ENG,2,1445.85290527,1990-04-01,1990-04-03
None,Bournemouth,ENG,2,1445.07714844,1990-04-04,1990-04-07
None,Bournemouth,ENG,2,1437.99926758,1990-04-08,1990-04-11
None,Bournemouth,ENG,2,1432.9822998,1990-04-12,1990-04-14
None,Bournemouth,ENG,2,1426.90393066,1990-04-15,1990-04-17
None,Bournemouth,ENG,2,1418.73706055,1990-04-18,1990-04-21
None,Bournemouth,ENG,2,1430.55224609,1990-04-22,1990-04-28
None,Bournemouth,ENG,2,1425.15063477,1990-04-29,1990-05-05
None,Bournemouth,ENG,2,1419.25964355,1990-05-06,1990-07-04
None,Bournemouth,ENG,2,1386.6262207,2013-07-01,2013-08-01
None,Bournemouth,ENG,2,1389.18896484,2013-08-02,2013-08-03
None,Bournemouth,ENG,2,1398.07128906,2013-08-04,2013-08-08
None,Bournemouth,ENG,2,1398.19384766,2013-08-09,2013-08-10
None,Bournemouth,ENG,2,1390.82324219,2013-08-11,2013-08-17
None,Bournemouth,ENG,2,1403.42993164,2013-08-18,2013-08-21
None,Bournemouth,ENG,2,1406.00854492,2013-08-22,2013-08-22
None,Bournemouth,ENG,2,1409.12915039,2013-08-23,2013-08-24
None,Bournemouth,ENG,2,1397.26696777,2013-08-25,2013-08-27
None,Bournemouth,ENG,2,1397.72070312,2013-08-28,2013-08-29
None,Bournemouth,ENG,2,1397.52697754,2013-08-30,2013-08-31
None,Bournemouth,ENG,2,1407.16491699,2013-09-01,2013-09-14
None,Bournemouth,ENG,2,1400.86669922,2013-09-15,2013-09-17
None,Bournemouth,ENG,2,1413.1385498,2013-09-18,2013-09-18
None,Bournemouth,ENG,2,1410.18041992,2013-09-19,2013-09-19
None,Bournemouth,ENG,2,1417.37878418,2013-09-20,2013-09-21
None,Bournemouth,ENG,2,1419.77526855,2013-09-22,2013-09-28
None,Bournemouth,ENG,2,1409.43078613,2013-09-29,2013-10-01
None,Bournemouth,ENG,2,1408.25012207,2013-10-02,2013-10-02
None,Bournemouth,ENG,2,1405.7142334,2013-10-03,2013-10-03
None,Bournemouth,ENG,2,1409.41296387,2013-10-04,2013-10-05
None,Bournemouth,ENG,2,1421.84814453,2013-10-06,2013-10-19
None,Bournemouth,ENG,2,1426.81738281,2013-10-20,2013-10-22
None,Bournemouth,ENG,2,1427.80761719,2013-10-23,2013-10-23
None,Bournemouth,ENG,2,1430.27563477,2013-10-24,2013-10-24
None,Bournemouth,ENG,2,1429.15466309,2013-10-25,2013-10-26
None,Bournemouth,ENG,2,1425.46289062,2013-10-27,2013-11-02
None,Bournemouth,ENG,2,1415.42211914,2013-11-03,2013-11-05
None,Bournemouth,ENG,2,1416.14123535,2013-11-06,2013-11-06
None,Bournemouth,ENG,2,1421.49780273,2013-11-07,2013-11-07
None,Bournemouth,ENG,2,1419.74243164,2013-11-08,2013-11-09
None,Bournemouth,ENG,2,1425.67443848,2013-11-10,2013-11-23
None,Bournemouth,ENG,2,1418.59533691,2013-11-24,2013-11-26
None,Bournemouth,ENG,2,1415.66455078,2013-11-27,2013-11-27
None,Bournemouth,ENG,2,1422.34155273,2013-11-28,2013-11-28
None,Bournemouth,ENG,2,1416.60571289,2013-11-29,2013-11-30
None,Bournemouth,ENG,2,1419.03967285,2013-12-01,2013-12-03
None,Bournemouth,ENG,2,1414.22277832,2013-12-04,2013-12-07
None,Bournemouth,ENG,2,1428.09265137,2013-12-08,2013-12-10
None,Bournemouth,ENG,2,1433.48583984,2013-12-11,2013-12-11
None,Bournemouth,ENG,2,1429.70556641,2013-12-12,2013-12-12
None,Bournemouth,ENG,2,1424.24389648,2013-12-13,2013-12-14
None,Bournemouth,ENG,2,1413.34069824,2013-12-15,2013-12-21
None,Bournemouth,ENG,2,1424.02062988,2013-12-22,2013-12-26
None,Bournemouth,ENG,2,1434.88598633,2013-12-27,2013-12-29
None,Bournemouth,ENG,2,1436.34448242,2013-12-30,2014-01-01
None,Bournemouth,ENG,2,1441.07458496,2014-01-02,2014-01-11
None,Bournemouth,ENG,2,1434.46936035,2014-01-12,2014-01-18
None,Bournemouth,ENG,2,1435.41101074,2014-01-19,2014-01-28
None,Bournemouth,ENG,2,1443.0032959,2014-01-29,2014-02-01
None,Bournemouth,ENG,2,1437.79492188,2014-02-02,2014-02-08
None,Bournemouth,ENG,2,1441.1529541,2014-02-09,2014-02-15
None,Bournemouth,ENG,2,1443.48608398,2014-02-16,2014-02-18
None,Bournemouth,ENG,2,1440.59020996,2014-02-19,2014-02-19
None,Bournemouth,ENG,2,1439.15283203,2014-02-20,2014-02-20
None,Bournemouth,ENG,2,1437.08435059,2014-02-21,2014-02-22
None,Bournemouth,ENG,2,1433.5324707,2014-02-23,2014-02-25
None,Bournemouth,ENG,2,1429.19921875,2014-02-26,2014-02-26
None,Bournemouth,ENG,2,1429.06713867,2014-02-27,2014-02-27
None,Bournemouth,ENG,2,1429.43725586,2014-02-28,2014-03-01
None,Bournemouth,ENG,2,1441.9185791,2014-03-02,2014-03-08
None,Bournemouth,ENG,2,1451.02124023,2014-03-09,2014-03-11
None,Bournemouth,ENG,2,1451.26330566,2014-03-12,2014-03-12
None,Bournemouth,ENG,2,1461.27575684,2014-03-13,2014-03-13
None,Bournemouth,ENG,2,1457.20483398,2014-03-14,2014-03-15
None,Bournemouth,ENG,2,1455.97717285,2014-03-16,2014-03-18
None,Bournemouth,ENG,2,1450.37353516,2014-03-19,2014-03-19
None,Bournemouth,ENG,2,1456.6697998,2014-03-20,2014-03-20
None,Bournemouth,ENG,2,1456.7331543,2014-03-21,2014-03-22
None,Bournemouth,ENG,2,1464.8861084,2014-03-23,2014-03-25
None,Bournemouth,ENG,2,1475.72387695,2014-03-26,2014-03-29
None,Bournemouth,ENG,2,1488.58764648,2014-03-30,2014-04-01
None,Bournemouth,ENG,2,1488.81201172,2014-04-02,2014-04-02
None,Bournemouth,ENG,2,1485.4329834,2014-04-03,2014-04-05
None,Bournemouth,ENG,2,1494.09057617,2014-04-06,2014-04-08
None,Bournemouth,ENG,2,1510.85913086,2014-04-09,2014-04-09
None,Bournemouth,ENG,2,1509.30090332,2014-04-10,2014-04-12
None,Bournemouth,ENG,2,1507.60852051,2014-04-13,2014-04-18
None,Bournemouth,ENG,2,1493.41967773,2014-04-19,2014-04-21
None,Bournemouth,ENG,2,1495.67871094,2014-04-22,2014-04-22
None,Bournemouth,ENG,2,1496.17529297,2014-04-23,2014-04-26
None,Bournemouth,ENG,2,1508.04821777,2014-04-27,2014-04-30
None,Bournemouth,ENG,2,1503.6340332,2014-05-01,2014-05-03
None,Bournemouth,ENG,2,1494.66906738,2014-05-04,2014-07-31
None,Bournemouth,ENG,2,1494.13793945,2014-08-01,2014-08-07
None,Bournemouth,ENG,2,1495.81835938,2014-08-08,2014-08-09
None,Bournemouth,ENG,2,1510.86682129,2014-08-10,2014-08-16
None,Bournemouth,ENG,2,1515.62512207,2014-08-17,2014-08-19
None,Bournemouth,ENG,2,1505.26147461,2014-08-20,2014-08-21
None,Bournemouth,ENG,2,1502.97521973,2014-08-22,2014-08-23
None,Bournemouth,ENG,2,1497.07739258,2014-08-24,2014-08-27
None,Bournemouth,ENG,2,1498.63452148,2014-08-28,2014-08-28
None,Bournemouth,ENG,2,1497.34753418,2014-08-29,2014-08-30
None,Bournemouth,ENG,2,1501.79052734,2014-08-31,2014-09-13
None,Bournemouth,ENG,2,1498.04260254,2014-09-14,2014-09-16
None,Bournemouth,ENG,2,1480.11767578,2014-09-17,2014-09-17
None,Bournemouth,ENG,2,1476.92883301,2014-09-18,2014-09-18
None,Bournemouth,ENG,2,1477.6907959,2014-09-19,2014-09-20
None,Bournemouth,ENG,2,1480.12475586,2014-09-21,2014-09-27
None,Bournemouth,ENG,2,1491.0255127,2014-09-28,2014-09-30
None,Bournemouth,ENG,2,1484.42358398,2014-10-01,2014-10-01
None,Bournemouth,ENG,2,1482.57214355,2014-10-02,2014-10-02
None,Bournemouth,ENG,2,1480.05895996,2014-10-03,2014-10-04
None,Bournemouth,ENG,2,1488.64990234,2014-10-05,2014-10-18
None,Bournemouth,ENG,2,1495.1776123,2014-10-19,2014-10-21
None,Bournemouth,ENG,2,1506.10986328,2014-10-22,2014-10-22
None,Bournemouth,ENG,2,1504.94750977,2014-10-23,2014-10-23
None,Bournemouth,ENG,2,1505.57141113,2014-10-24,2014-10-25
None,Bournemouth,ENG,2,1524.23730469,2014-10-26,2014-11-01
None,Bournemouth,ENG,2,1529.95214844,2014-11-02,2014-11-04
None,Bournemouth,ENG,2,1538.01196289,2014-11-05,2014-11-05
None,Bournemouth,ENG,2,1530.9161377,2014-11-06,2014-11-06
None,Bournemouth,ENG,2,1534.07385254,2014-11-07,2014-11-08
None,Bournemouth,ENG,2,1535.83276367,2014-11-09,2014-11-22
None,Bournemouth,ENG,2,1533.97216797,2014-11-23,2014-11-25
None,Bournemouth,ENG,2,1541.55700684,2014-11-26,2014-11-26
None,Bournemouth,ENG,2,1543.00805664,2014-11-27,2014-11-27
None,Bournemouth,ENG,2,1547.4888916,2014-11-28,2014-11-29
None,Bournemouth,ENG,2,1542.60913086,2014-11-30,2014-12-06
None,Bournemouth,ENG,2,1549.18786621,2014-12-07,2014-12-09
None,Bournemouth,ENG,2,1550.3972168,2014-12-10,2014-12-10
None,Bournemouth,ENG,2,1553.63513184,2014-12-11,2014-12-11
None,Bournemouth,ENG,2,1546.6751709,2014-12-12,2014-12-13
None,Bournemouth,ENG,2,1555.05603027,2014-12-14,2014-12-20
None,Bournemouth,ENG,2,1565.86352539,2014-12-21,2014-12-26
None,Bournemouth,ENG,2,1573.28796387,2014-12-27,2014-12-28
None,Bournemouth,ENG,2,1580.60546875,2014-12-29,2015-01-10
None,Bournemouth,ENG,2,1570.91369629,2015-01-11,2015-01-17
None,Bournemouth,ENG,2,1578.59777832,2015-01-18,2015-01-20
None,Bournemouth,ENG,2,1567.86474609,2015-01-21,2015-01-30
None,Bournemouth,ENG,2,1576.12670898,2015-01-31,2015-02-07
None,Bournemouth,ENG,2,1584.62609863,2015-02-08,2015-02-10
None,Bournemouth,ENG,2,1584.14306641,2015-02-11,2015-02-14
None,Bournemouth,ENG,2,1578.98095703,2015-02-15,2015-02-17
None,Bournemouth,ENG,2,1579.36450195,2015-02-18,2015-02-19
None,Bournemouth,ENG,2,1582.34924316,2015-02-20,2015-02-21
None,Bournemouth,ENG,2,1569.45593262,2015-02-22,2015-02-24
None,Bournemouth,ENG,2,1567.43481445,2015-02-25,2015-02-25
None,Bournemouth,ENG,2,1552.29968262,2015-02-26,2015-02-26
None,Bournemouth,ENG,2,1545.54699707,2015-02-27,2015-02-28
None,Bournemouth,ENG,2,1542.48254395,2015-03-01,2015-03-03
None,Bournemouth,ENG,2,1547.82287598,2015-03-04,2015-03-06
None,Bournemouth,ENG,2,1562.19506836,2015-03-07,2015-03-11
None,Bournemouth,ENG,2,1558.38427734,2015-03-12,2015-03-12
None,Bournemouth,ENG,2,1559.52941895,2015-03-13,2015-03-14
None,Bournemouth,ENG,2,1563.55578613,2015-03-15,2015-03-17
None,Bournemouth,ENG,2,1565.31811523,2015-03-18,2015-03-18
None,Bournemouth,ENG,2,1564.74206543,2015-03-19,2015-03-19
None,Bournemouth,ENG,2,1558.44299316,2015-03-20,2015-03-21
None,Bournemouth,ENG,2,1570.34692383,2015-03-22,2015-04-03
None,Bournemouth,ENG,2,1570.56640625,2015-04-04,2015-04-06
None,Bournemouth,ENG,2,1575.69897461,2015-04-07,2015-04-10
None,Bournemouth,ENG,2,1584.75354004,2015-04-11,2015-04-14
None,Bournemouth,ENG,2,1589.89318848,2015-04-15,2015-04-18
None,Bournemouth,ENG,2,1584.97851562,2015-04-19,2015-04-27
None,Bournemouth,ENG,2,1591.59545898,2015-04-28,2015-05-02
None,Bournemouth,ENG,2,1601.44226074,2015-05-03,2015-07-01
None,Bournemouth,ENG,1,1601.44226074,2015-07-02,2015-07-02
None,Bournemouth,ENG,1,1601.44665527,2015-07-03,2015-07-09
None,Bournemouth,ENG,1,1601.44677734,2015-07-10,2015-07-16
None,Bournemouth,ENG,1,1601.44689941,2015-07-17,2015-07-23
None,Bournemouth,ENG,1,1596.85314941,2015-07-24,2015-07-30
None,Bournemouth,ENG,1,1597.0769043,2015-07-31,2015-08-06
None,Bournemouth,ENG,1,1594.60192871,2015-08-07,2015-08-08
None,Bournemouth,ENG,1,1584.88439941,2015-08-09,2015-08-17
None,Bournemouth,ENG,1,1581.81225586,2015-08-18,2015-08-18
None,Bournemouth,ENG,1,1583.20800781,2015-08-19,2015-08-20
None,Bournemouth,ENG,1,1581.7800293,2015-08-21,2015-08-22
None,Bournemouth,ENG,1,1591.72277832,2015-08-23,2015-08-26
None,Bournemouth,ENG,1,1593.47338867,2015-08-27,2015-08-27
None,Bournemouth,ENG,1,1588.55700684,2015-08-28,2015-08-29
None,Bournemouth,ENG,1,1588.95446777,2015-08-30,2015-09-12
None,Bournemouth,ENG,1,1579.6965332,2015-09-13,2015-09-15
None,Bournemouth,ENG,1,1572.92785645,2015-09-16,2015-09-16
None,Bournemouth,ENG,1,1569.85510254,2015-09-17,2015-09-17
None,Bournemouth,ENG,1,1570.90637207,2015-09-18,2015-09-19
None,Bournemouth,ENG,1,1580.56115723,2015-09-20,2015-09-26
None,Bournemouth,ENG,1,1575.62158203,2015-09-27,2015-09-29
None,Bournemouth,ENG,1,1569.12414551,2015-09-30,2015-09-30
None,Bournemouth,ENG,1,1573.80200195,2015-10-01,2015-10-01
None,Bournemouth,ENG,1,1572.27929688,2015-10-02,2015-10-03
None,Bournemouth,ENG,1,1571.20800781,2015-10-04,2015-10-17
None,Bournemouth,ENG,1,1567.9486084,2015-10-18,2015-10-20
None,Bournemouth,ENG,1,1573.23522949,2015-10-21,2015-10-21
None,Bournemouth,ENG,1,1575.76660156,2015-10-22,2015-10-22
None,Bournemouth,ENG,1,1570.70935059,2015-10-23,2015-10-25
None,Bournemouth,ENG,1,1560.70666504,2015-10-26,2015-11-01
None,Bournemouth,ENG,1,1555.10900879,2015-11-02,2015-11-03
None,Bournemouth,ENG,1,1561.17541504,2015-11-04,2015-11-04
None,Bournemouth,ENG,1,1560.71008301,2015-11-05,2015-11-05
None,Bournemouth,ENG,1,1563.87646484,2015-11-06,2015-11-07
None,Bournemouth,ENG,1,1555.16271973,2015-11-08,2015-11-21
None,Bournemouth,ENG,1,1559.00036621,2015-11-22,2015-11-24
None,Bournemouth,ENG,1,1561.9609375,2015-11-25,2015-11-25
None,Bournemouth,ENG,1,1558.26806641,2015-11-26,2015-11-26
None,Bournemouth,ENG,1,1560.36828613,2015-11-27,2015-11-28
None,Bournemouth,ENG,1,1563.88830566,2015-11-29,2015-12-05
None,Bournemouth,ENG,1,1578.35546875,2015-12-06,2015-12-08
None,Bournemouth,ENG,1,1578.51733398,2015-12-09,2015-12-09
None,Bournemouth,ENG,1,1585.32055664,2015-12-10,2015-12-10
None,Bournemouth,ENG,1,1586.15905762,2015-12-11,2015-12-12
None,Bournemouth,ENG,1,1598.93286133,2015-12-13,2015-12-19
97,Bournemouth,ENG,1,1609.60656738,2015-12-20,2015-12-20
96,Bournemouth,ENG,1,1609.60656738,2015-12-21,2015-12-26
95,Bournemouth,ENG,1,1610.84301758,2015-12-27,2015-12-28
98,Bournemouth,ENG,1,1607.77600098,2015-12-29,2016-01-02
97,Bournemouth,ENG,1,1612.41479492,2016-01-03,2016-01-05
98,Bournemouth,ENG,1,1612.41479492,2016-01-06,2016-01-06
97,Bournemouth,ENG,1,1612.41479492,2016-01-07,2016-01-12
None,Bournemouth,ENG,1,1601.42907715,2016-01-13,2016-01-16
97,Bournemouth,ENG,1,1613.31652832,2016-01-17,2016-01-17
96,Bournemouth,ENG,1,1613.31652832,2016-01-18,2016-01-23
94,Bournemouth,ENG,1,1614.29968262,2016-01-24,2016-01-24
95,Bournemouth,ENG,1,1614.29968262,2016-01-25,2016-02-02
90,Bournemouth,ENG,1,1624.89221191,2016-02-03,2016-02-05
89,Bournemouth,ENG,1,1624.89221191,2016-02-06,2016-02-07
92,Bournemouth,ENG,1,1618.82250977,2016-02-08,2016-02-13
99,Bournemouth,ENG,1,1607.89929199,2016-02-14,2016-02-16
100,Bournemouth,ENG,1,1607.29968262,2016-02-17,2016-02-18
None,Bournemouth,ENG,1,1606.53686523,2016-02-19,2016-02-23
None,Bournemouth,ENG,1,1605.40991211,2016-02-24,2016-02-24
100,Bournemouth,ENG,1,1608.98730469,2016-02-25,2016-02-25
90,Bournemouth,ENG,1,1618.11962891,2016-02-26,2016-02-27
87,Bournemouth,ENG,1,1620.67749023,2016-02-28,2016-03-01
78,Bournemouth,ENG,1,1634.77722168,2016-03-02,2016-03-05
69,Bournemouth,ENG,1,1646.54699707,2016-03-06,2016-03-08
71,Bournemouth,ENG,1,1646.54699707,2016-03-09,2016-03-09
72,Bournemouth,ENG,1,1643.99023438,2016-03-10,2016-03-10
77,Bournemouth,ENG,1,1639.76135254,2016-03-11,2016-03-11
76,Bournemouth,ENG,1,1639.76135254,2016-03-12,2016-03-12
70,Bournemouth,ENG,1,1646.76623535,2016-03-13,2016-03-13
71,Bournemouth,ENG,1,1646.76623535,2016-03-14,2016-03-15
71,Bournemouth,ENG,1,1646.84777832,2016-03-16,2016-03-16
73,Bournemouth,ENG,1,1646.70703125,2016-03-17,2016-03-17
73,Bournemouth,ENG,1,1645.34997559,2016-03-18,2016-03-18
72,Bournemouth,ENG,1,1645.34997559,2016-03-19,2016-03-19
74,Bournemouth,ENG,1,1645.34997559,2016-03-20,2016-03-20
77,Bournemouth,ENG,1,1639.81713867,2016-03-21,2016-04-02
85,Bournemouth,ENG,1,1630.4564209,2016-04-03,2016-04-06
81,Bournemouth,ENG,1,1632.07189941,2016-04-07,2016-04-07
79,Bournemouth,ENG,1,1633.41137695,2016-04-08,2016-04-09
78,Bournemouth,ENG,1,1639.82873535,2016-04-10,2016-04-11
79,Bournemouth,ENG,1,1639.82873535,2016-04-12,2016-04-12
74,Bournemouth,ENG,1,1642.40649414,2016-04-13,2016-04-14
71,Bournemouth,ENG,1,1646.03759766,2016-04-15,2016-04-15
72,Bournemouth,ENG,1,1646.03759766,2016-04-16,2016-04-17
77,Bournemouth,ENG,1,1640.81896973,2016-04-18,2016-04-20
76,Bournemouth,ENG,1,1640.81896973,2016-04-21,2016-04-21
77,Bournemouth,ENG,1,1640.81896973,2016-04-22,2016-04-22
76,Bournemouth,ENG,1,1640.81896973,2016-04-23,2016-04-23
87,Bournemouth,ENG,1,1631.61047363,2016-04-24,2016-04-24
85,Bournemouth,ENG,1,1631.61047363,2016-04-25,2016-04-26
85,Bournemouth,ENG,1,1631.94396973,2016-04-27,2016-04-28
86,Bournemouth,ENG,1,1630.56103516,2016-04-29,2016-04-30
90,Bournemouth,ENG,1,1625.55163574,2016-05-01,2016-05-02
89,Bournemouth,ENG,1,1625.55163574,2016-05-03,2016-05-04
90,Bournemouth,ENG,1,1624.24987793,2016-05-05,2016-05-05
88,Bournemouth,ENG,1,1631.64318848,2016-05-06,2016-05-07
91,Bournemouth,ENG,1,1630.65539551,2016-05-08,2016-05-08
92,Bournemouth,ENG,1,1630.65539551,2016-05-09,2016-05-11
91,Bournemouth,ENG,1,1630.65539551,2016-05-12,2016-05-14
90,Bournemouth,ENG,1,1630.65539551,2016-05-15,2016-05-15
88,Bournemouth,ENG,1,1630.65539551,2016-05-16,2016-05-16
89,Bournemouth,ENG,1,1630.65539551,2016-05-17,2016-05-17
92,Bournemouth,ENG,1,1626.0333252,2016-05-18,2016-05-18
96,Bournemouth,ENG,1,1622.36291504,2016-05-19,2016-05-19
95,Bournemouth,ENG,1,1622.36291504,2016-05-20,2016-05-21
93,Bournemouth,ENG,1,1622.36291504,2016-05-22,2016-05-22
92,Bournemouth,ENG,1,1622.36291504,2016-05-23,2016-05-25
93,Bournemouth,ENG,1,1622.36291504,2016-05-26,2016-05-29
94,Bournemouth,ENG,1,1622.36291504,2016-05-30,2016-06-11
93,Bournemouth,ENG,1,1622.36291504,2016-06-12,2016-06-18
94,Bournemouth,ENG,1,1622.36291504,2016-06-19,2016-07-28
95,Bournemouth,ENG,1,1621.22033691,2016-07-29,2016-07-30
96,Bournemouth,ENG,1,1621.22033691,2016-07-31,2016-08-03
97,Bournemouth,ENG,1,1621.22033691,2016-08-04,2016-08-04
95,Bournemouth,ENG,1,1622.66186523,2016-08-05,2016-08-05
94,Bournemouth,ENG,1,1622.66186523,2016-08-06,2016-08-14
96,Bournemouth,ENG,1,1615.19177246,2016-08-15,2016-08-16
95,Bournemouth,ENG,1,1616.47827148,2016-08-17,2016-08-17
97,Bournemouth,ENG,1,1616.47827148,2016-08-18,2016-08-18
96,Bournemouth,ENG,1,1616.4744873,2016-08-19,2016-08-21
98,Bournemouth,ENG,1,1612.37023926,2016-08-22,2016-08-24
98,Bournemouth,ENG,1,1612.38586426,2016-08-25,2016-08-25
None,Bournemouth,ENG,1,1605.2989502,2016-08-26,2016-08-27
None,Bournemouth,ENG,1,1607.28112793,2016-08-28,2016-09-10
98,Bournemouth,ENG,1,1614.58081055,2016-09-11,2016-09-11
97,Bournemouth,ENG,1,1614.58081055,2016-09-12,2016-09-13
97,Bournemouth,ENG,1,1615.73681641,2016-09-14,2016-09-14
94,Bournemouth,ENG,1,1617.80078125,2016-09-15,2016-09-15
97,Bournemouth,ENG,1,1616.1328125,2016-09-16,2016-09-17
97,Bournemouth,ENG,1,1612.50817871,2016-09-18,2016-09-18
99,Bournemouth,ENG,1,1612.50817871,2016-09-19,2016-09-20
98,Bournemouth,ENG,1,1612.50817871,2016-09-21,2016-09-22
97,Bournemouth,ENG,1,1612.50817871,2016-09-23,2016-09-23
98,Bournemouth,ENG,1,1612.50817871,2016-09-24,2016-09-24
89,Bournemouth,ENG,1,1622.05090332,2016-09-25,2016-09-25
88,Bournemouth,ENG,1,1622.05090332,2016-09-26,2016-09-27
87,Bournemouth,ENG,1,1626.52038574,2016-09-28,2016-09-28
88,Bournemouth,ENG,1,1625.74182129,2016-09-29,2016-09-29
88,Bournemouth,ENG,1,1625.16918945,2016-09-30,2016-10-01
87,Bournemouth,ENG,1,1627.22021484,2016-10-02,2016-10-15
80,Bournemouth,ENG,1,1640.43054199,2016-10-16,2016-10-16
81,Bournemouth,ENG,1,1640.43054199,2016-10-17,2016-10-17
82,Bournemouth,ENG,1,1640.43054199,2016-10-18,2016-10-18
82,Bournemouth,ENG,1,1641.81555176,2016-10-19,2016-10-19
83,Bournemouth,ENG,1,1640.9342041,2016-10-20,2016-10-20
81,Bournemouth,ENG,1,1639.63171387,2016-10-21,2016-10-22
78,Bournemouth,ENG,1,1643.25708008,2016-10-23,2016-10-24
79,Bournemouth,ENG,1,1643.25708008,2016-10-25,2016-10-26
78,Bournemouth,ENG,1,1643.25708008,2016-10-27,2016-10-28
77,Bournemouth,ENG,1,1643.25708008,2016-10-29,2016-10-29
86,Bournemouth,ENG,1,1632.06542969,2016-10-30,2016-11-01
81,Bournemouth,ENG,1,1637.42456055,2016-11-02,2016-11-02
84,Bournemouth,ENG,1,1633.0645752,2016-11-03,2016-11-03
85,Bournemouth,ENG,1,1631.24304199,2016-11-04,2016-11-05
90,Bournemouth,ENG,1,1620.9354248,2016-11-06,2016-11-06
91,Bournemouth,ENG,1,1620.9354248,2016-11-07,2016-11-19
83,Bournemouth,ENG,1,1631.85925293,2016-11-20,2016-11-22
86,Bournemouth,ENG,1,1630.65197754,2016-11-23,2016-11-23
86,Bournemouth,ENG,1,1629.55712891,2016-11-24,2016-11-24
85,Bournemouth,ENG,1,1628.3482666,2016-11-25,2016-11-25
86,Bournemouth,ENG,1,1628.3482666,2016-11-26,2016-11-26
85,Bournemouth,ENG,1,1628.3482666,2016-11-27,2016-11-27
86,Bournemouth,ENG,1,1625.3260498,2016-11-28,2016-11-28
87,Bournemouth,ENG,1,1625.3260498,2016-11-29,2016-11-30
89,Bournemouth,ENG,1,1625.3260498,2016-12-01,2016-12-03
90,Bournemouth,ENG,1,1625.3260498,2016-12-04,2016-12-04
81,Bournemouth,ENG,1,1637.07873535,2016-12-05,2016-12-06
81,Bournemouth,ENG,1,1637.53759766,2016-12-07,2016-12-07
81,Bournemouth,ENG,1,1634.86242676,2016-12-08,2016-12-08
82,Bournemouth,ENG,1,1635.13452148,2016-12-09,2016-12-09
81,Bournemouth,ENG,1,1635.13452148,2016-12-10,2016-12-10
87,Bournemouth,ENG,1,1628.31677246,2016-12-11,2016-12-13
83,Bournemouth,ENG,1,1637.67663574,2016-12-14,2016-12-17
81,Bournemouth,ENG,1,1637.67663574,2016-12-18,2016-12-18
86,Bournemouth,ENG,1,1627.21484375,2016-12-19,2016-12-26
87,Bournemouth,ENG,1,1623.85241699,2016-12-27,2016-12-31
81,Bournemouth,ENG,1,1639.60888672,2017-01-01,2017-01-03
77,Bournemouth,ENG,1,1644.21655273,2017-01-04,2017-01-08
79,Bournemouth,ENG,1,1644.21655273,2017-01-09,2017-01-14
84,Bournemouth,ENG,1,1631.46826172,2017-01-15,2017-01-15
83,Bournemouth,ENG,1,1631.46826172,2017-01-16,2017-01-21
85,Bournemouth,ENG,1,1629.03613281,2017-01-22,2017-01-22
84,Bournemouth,ENG,1,1629.03613281,2017-01-23,2017-01-29
83,Bournemouth,ENG,1,1629.03613281,2017-01-30,2017-01-31
90,Bournemouth,ENG,1,1613.71081543,2017-02-01,2017-02-04
97,Bournemouth,ENG,1,1607.62341309,2017-02-05,2017-02-05
98,Bournemouth,ENG,1,1607.62341309,2017-02-06,2017-02-06
99,Bournemouth,ENG,1,1607.62341309,2017-02-07,2017-02-11
97,Bournemouth,ENG,1,1607.62341309,2017-02-12,2017-02-12
95,Bournemouth,ENG,1,1607.62341309,2017-02-13,2017-02-13
97,Bournemouth,ENG,1,1602.17797852,2017-02-14,2017-02-15
None,Bournemouth,ENG,1,1599.34069824,2017-02-16,2017-02-16
None,Bournemouth,ENG,1,1600.44836426,2017-02-17,2017-02-21
99,Bournemouth,ENG,1,1602.77075195,2017-02-22,2017-02-22
99,Bournemouth,ENG,1,1603.50390625,2017-02-23,2017-02-23
None,Bournemouth,ENG,1,1598.43066406,2017-02-24,2017-02-25
None,Bournemouth,ENG,1,1594.01977539,2017-02-26,2017-03-04
None,Bournemouth,ENG,1,1601.06726074,2017-03-05,2017-03-05
100,Bournemouth,ENG,1,1601.06726074,2017-03-06,2017-03-07
None,Bournemouth,ENG,1,1600.07531738,2017-03-08,2017-03-09
None,Bournemouth,ENG,1,1600.5859375,2017-03-10,2017-03-11
96,Bournemouth,ENG,1,1608.5994873,2017-03-12,2017-03-12
97,Bournemouth,ENG,1,1608.5994873,2017-03-13,2017-03-14
91,Bournemouth,ENG,1,1614.75488281,2017-03-15,2017-03-15
96,Bournemouth,ENG,1,1609.66809082,2017-03-16,2017-03-16
96,Bournemouth,ENG,1,1611.15991211,2017-03-17,2017-03-18
86,Bournemouth,ENG,1,1620.27209473,2017-03-19,2017-04-01
87,Bournemouth,ENG,1,1624.39440918,2017-04-02,2017-04-04
88,Bournemouth,ENG,1,1624.39440918,2017-04-05,2017-04-05
85,Bournemouth,ENG,1,1631.02856445,2017-04-06,2017-04-08
85,Bournemouth,ENG,1,1625.61694336,2017-04-09,2017-04-09
86,Bournemouth,ENG,1,1625.61694336,2017-04-10,2017-04-10
87,Bournemouth,ENG,1,1625.61694336,2017-04-11,2017-04-12
88,Bournemouth,ENG,1,1625.20092773,2017-04-13,2017-04-13
87,Bournemouth,ENG,1,1625.66381836,2017-04-14,2017-04-15
88,Bournemouth,ENG,1,1621.75439453,2017-04-16,2017-04-16
89,Bournemouth,ENG,1,1621.75439453,2017-04-17,2017-04-18
90,Bournemouth,ENG,1,1621.21960449,2017-04-19,2017-04-19
89,Bournemouth,ENG,1,1621.21960449,2017-04-20,2017-04-20
89,Bournemouth,ENG,1,1622.68823242,2017-04-21,2017-04-22
85,Bournemouth,ENG,1,1632.40734863,2017-04-23,2017-04-23
83,Bournemouth,ENG,1,1632.40734863,2017-04-24,2017-04-25
84,Bournemouth,ENG,1,1632.40734863,2017-04-26,2017-04-26
85,Bournemouth,ENG,1,1632.40734863,2017-04-27,2017-04-29
82,Bournemouth,ENG,1,1640.69921875,2017-04-30,2017-05-01
83,Bournemouth,ENG,1,1640.69921875,2017-05-02,2017-05-04
79,Bournemouth,ENG,1,1642.45471191,2017-05-05,2017-05-05
80,Bournemouth,ENG,1,1642.45471191,2017-05-06,2017-05-06
84,Bournemouth,ENG,1,1640.55407715,2017-05-07,2017-05-07
82,Bournemouth,ENG,1,1640.55407715,2017-05-08,2017-05-08
81,Bournemouth,ENG,1,1640.55407715,2017-05-09,2017-05-11
81,Bournemouth,ENG,1,1640.65454102,2017-05-12,2017-05-13
74,Bournemouth,ENG,1,1646.69018555,2017-05-14,2017-05-14
73,Bournemouth,ENG,1,1646.69018555,2017-05-15,2017-05-18
72,Bournemouth,ENG,1,1646.69018555,2017-05-19,2017-05-20
73,Bournemouth,ENG,1,1646.69018555,2017-05-21,2017-05-21
69,Bournemouth,ENG,1,1650.67700195,2017-05-22,2017-05-24
67,Bournemouth,ENG,1,1653.42211914,2017-05-25,2017-05-27
68,Bournemouth,ENG,1,1653.42211914,2017-05-28,2017-07-06
69,Bournemouth,ENG,1,1653.42211914,2017-07-07,2017-07-22
68,Bournemouth,ENG,1,1653.42211914,2017-07-23,2017-07-26
67,Bournemouth,ENG,1,1653.42211914,2017-07-27,2017-07-27
67,Bournemouth,ENG,1,1653.4354248,2017-07-28,2017-07-29
66,Bournemouth,ENG,1,1653.4354248,2017-07-30,2017-08-02
67,Bournemouth,ENG,1,1653.4354248,2017-08-03,2017-08-03
64,Bournemouth,ENG,1,1653.75756836,2017-08-04,2017-08-06
65,Bournemouth,ENG,1,1653.75756836,2017-08-07,2017-08-12
72,Bournemouth,ENG,1,1647.49951172,2017-08-13,2017-08-15
71,Bournemouth,ENG,1,1650.11535645,2017-08-16,2017-08-16
69,Bournemouth,ENG,1,1650.11535645,2017-08-17,2017-08-17
69,Bournemouth,ENG,1,1651.28466797,2017-08-18,2017-08-19
78,Bournemouth,ENG,1,1635.72741699,2017-08-20,2017-08-23
78,Bournemouth,ENG,1,1637.28613281,2017-08-24,2017-08-24
77,Bournemouth,ENG,1,1637.58068848,2017-08-25,2017-08-25
78,Bournemouth,ENG,1,1637.58068848,2017-08-26,2017-08-26
79,Bournemouth,ENG,1,1633.59631348,2017-08-27,2017-08-27
81,Bournemouth,ENG,1,1633.59631348,2017-08-28,2017-09-09
83,Bournemouth,ENG,1,1629.68371582,2017-09-10,2017-09-11
84,Bournemouth,ENG,1,1629.68371582,2017-09-12,2017-09-12
84,Bournemouth,ENG,1,1631.05651855,2017-09-13,2017-09-13
84,Bournemouth,ENG,1,1634.78833008,2017-09-14,2017-09-14
84,Bournemouth,ENG,1,1631.95153809,2017-09-15,2017-09-15
82,Bournemouth,ENG,1,1637.31445312,2017-09-16,2017-09-16
81,Bournemouth,ENG,1,1637.31445312,2017-09-17,2017-09-18
80,Bournemouth,ENG,1,1637.31445312,2017-09-19,2017-09-20
79,Bournemouth,ENG,1,1637.31445312,2017-09-21,2017-09-23
82,Bournemouth,ENG,1,1633.36462402,2017-09-24,2017-09-26
81,Bournemouth,ENG,1,1635.92370605,2017-09-27,2017-09-27
74,Bournemouth,ENG,1,1643.71826172,2017-09-28,2017-09-28
72,Bournemouth,ENG,1,1642.11474609,2017-09-29,2017-09-30
73,Bournemouth,ENG,1,1642.28857422,2017-10-01,2017-10-14
73,Bournemouth,ENG,1,1640.68884277,2017-10-15,2017-10-15
72,Bournemouth,ENG,1,1640.68884277,2017-10-16,2017-10-17
71,Bournemouth,ENG,1,1646.01062012,2017-10-18,2017-10-18
70,Bournemouth,ENG,1,1646.42980957,2017-10-19,2017-10-19
70,Bournemouth,ENG,1,1643.98986816,2017-10-20,2017-10-21
65,Bournemouth,ENG,1,1654.90319824,2017-10-22,2017-10-23
64,Bournemouth,ENG,1,1654.90319824,2017-10-24,2017-10-25
63,Bournemouth,ENG,1,1654.90319824,2017-10-26,2017-10-28
64,Bournemouth,ENG,1,1651.56225586,2017-10-29,2017-10-29
66,Bournemouth,ENG,1,1651.56225586,2017-10-30,2017-10-31
68,Bournemouth,ENG,1,1648.78918457,2017-11-01,2017-11-01
60,Bournemouth,ENG,1,1656.98095703,2017-11-02,2017-11-02
63,Bournemouth,ENG,1,1651.64807129,2017-11-03,2017-11-04
54,Bournemouth,ENG,1,1661.12268066,2017-11-05,2017-11-05
53,Bournemouth,ENG,1,1661.12268066,2017-11-06,2017-11-18
52,Bournemouth,ENG,1,1669.2265625,2017-11-19,2017-11-19
54,Bournemouth,ENG,1,1669.2265625,2017-11-20,2017-11-21
53,Bournemouth,ENG,1,1671.54870605,2017-11-22,2017-11-22
54,Bournemouth,ENG,1,1668.74108887,2017-11-23,2017-11-23
58,Bournemouth,ENG,1,1658.19067383,2017-11-24,2017-11-25
59,Bournemouth,ENG,1,1658.96252441,2017-11-26,2017-11-26
58,Bournemouth,ENG,1,1658.96252441,2017-11-27,2017-11-27
59,Bournemouth,ENG,1,1658.96252441,2017-11-28,2017-11-29
62,Bournemouth,ENG,1,1649.93823242,2017-11-30,2017-12-02
63,Bournemouth,ENG,1,1649.93823242,2017-12-03,2017-12-03
66,Bournemouth,ENG,1,1648.94104004,2017-12-04,2017-12-05
66,Bournemouth,ENG,1,1648.9708252,2017-12-06,2017-12-06
67,Bournemouth,ENG,1,1648.22888184,2017-12-07,2017-12-07
63,Bournemouth,ENG,1,1652.10571289,2017-12-08,2017-12-09
60,Bournemouth,ENG,1,1652.87158203,2017-12-10,2017-12-11
61,Bournemouth,ENG,1,1652.87158203,2017-12-12,2017-12-13
61,Bournemouth,ENG,1,1651.03051758,2017-12-14,2017-12-16
60,Bournemouth,ENG,1,1651.03051758,2017-12-17,2017-12-17
65,Bournemouth,ENG,1,1642.90539551,2017-12-18,2017-12-18
66,Bournemouth,ENG,1,1642.90539551,2017-12-19,2017-12-21
64,Bournemouth,ENG,1,1642.90539551,2017-12-22,2017-12-22
63,Bournemouth,ENG,1,1642.90539551,2017-12-23,2017-12-23
64,Bournemouth,ENG,1,1640.65197754,2017-12-24,2017-12-26
68,Bournemouth,ENG,1,1639.11083984,2017-12-27,2017-12-30
62,Bournemouth,ENG,1,1647.40441895,2017-12-31,2017-12-31
63,Bournemouth,ENG,1,1647.40441895,2018-01-01,2018-01-01
62,Bournemouth,ENG,1,1648.10095215,2018-01-02,2018-01-02
63,Bournemouth,ENG,1,1648.10095215,2018-01-03,2018-01-06
64,Bournemouth,ENG,1,1648.10095215,2018-01-07,2018-01-07
63,Bournemouth,ENG,1,1648.10095215,2018-01-08,2018-01-14
59,Bournemouth,ENG,1,1659.68640137,2018-01-15,2018-01-20
56,Bournemouth,ENG,1,1661.62695312,2018-01-21,2018-01-21
59,Bournemouth,ENG,1,1661.62695312,2018-01-22,2018-01-28
58,Bournemouth,ENG,1,1661.62695312,2018-01-29,2018-01-30
59,Bournemouth,ENG,1,1661.62695312,2018-01-31,2018-01-31
44,Bournemouth,ENG,1,1687.61157227,2018-02-01,2018-02-03
42,Bournemouth,ENG,1,1693.0111084,2018-02-04,2018-02-10
43,Bournemouth,ENG,1,1693.0111084,2018-02-11,2018-02-11
53,Bournemouth,ENG,1,1674.69335938,2018-02-12,2018-02-13
52,Bournemouth,ENG,1,1677.58227539,2018-02-14,2018-02-14
51,Bournemouth,ENG,1,1681.62353516,2018-02-15,2018-02-15
52,Bournemouth,ENG,1,1682.18920898,2018-02-16,2018-02-17
50,Bournemouth,ENG,1,1682.18920898,2018-02-18,2018-02-20
50,Bournemouth,ENG,1,1681.97851562,2018-02-21,2018-02-21
50,Bournemouth,ENG,1,1681.89160156,2018-02-22,2018-02-22
50,Bournemouth,ENG,1,1681.74365234,2018-02-23,2018-02-24
51,Bournemouth,ENG,1,1678.98181152,2018-02-25,2018-02-25
52,Bournemouth,ENG,1,1678.98181152,2018-02-26,2018-03-03
51,Bournemouth,ENG,1,1681.99377441,2018-03-04,2018-03-06
52,Bournemouth,ENG,1,1681.58703613,2018-03-07,2018-03-07
53,Bournemouth,ENG,1,1676.38891602,2018-03-08,2018-03-08
52,Bournemouth,ENG,1,1679.64379883,2018-03-09,2018-03-11
52,Bournemouth,ENG,1,1673.42614746,2018-03-12,2018-03-12
53,Bournemouth,ENG,1,1673.42614746,2018-03-13,2018-03-13
55,Bournemouth,ENG,1,1667.70068359,2018-03-14,2018-03-14
54,Bournemouth,ENG,1,1665.69616699,2018-03-15,2018-03-15
54,Bournemouth,ENG,1,1666.79968262,2018-03-16,2018-03-17
52,Bournemouth,ENG,1,1671.68347168,2018-03-18,2018-03-18
54,Bournemouth,ENG,1,1671.68347168,2018-03-19,2018-03-31
53,Bournemouth,ENG,1,1672.29370117,2018-04-01,2018-04-01
55,Bournemouth,ENG,1,1672.29370117,2018-04-02,2018-04-05
54,Bournemouth,ENG,1,1675.88415527,2018-04-06,2018-04-06
53,Bournemouth,ENG,1,1675.88415527,2018-04-07,2018-04-07
55,Bournemouth,ENG,1,1673.68164062,2018-04-08,2018-04-08
56,Bournemouth,ENG,1,1673.68164062,2018-04-09,2018-04-10
55,Bournemouth,ENG,1,1673.68164062,2018-04-11,2018-04-12
55,Bournemouth,ENG,1,1673.97766113,2018-04-13,2018-04-13
54,Bournemouth,ENG,1,1673.97766113,2018-04-14,2018-04-14
56,Bournemouth,ENG,1,1670.93054199,2018-04-15,2018-04-15
59,Bournemouth,ENG,1,1670.93054199,2018-04-16,2018-04-18
60,Bournemouth,ENG,1,1665.08935547,2018-04-19,2018-04-20
61,Bournemouth,ENG,1,1665.08935547,2018-04-21,2018-04-22
60,Bournemouth,ENG,1,1665.08935547,2018-04-23,2018-04-24
58,Bournemouth,ENG,1,1668.1315918,2018-04-25,2018-04-25
59,Bournemouth,ENG,1,1668.1315918,2018-04-26,2018-04-26
59,Bournemouth,ENG,1,1667.45019531,2018-04-27,2018-04-28
63,Bournemouth,ENG,1,1660.30712891,2018-04-29,2018-05-02
64,Bournemouth,ENG,1,1659.39697266,2018-05-03,2018-05-03
64,Bournemouth,ENG,1,1657.84338379,2018-05-04,2018-05-05
60,Bournemouth,ENG,1,1664.08239746,2018-05-06,2018-05-10
61,Bournemouth,ENG,1,1664.08239746,2018-05-11,2018-05-12
60,Bournemouth,ENG,1,1664.08239746,2018-05-13,2018-05-13
55,Bournemouth,ENG,1,1674.95629883,2018-05-14,2018-05-20
56,Bournemouth,ENG,1,1674.95629883,2018-05-21,2018-05-26
57,Bournemouth,ENG,1,1672.43444824,2018-05-27,2018-07-26
56,Bournemouth,ENG,1,1672.45214844,2018-07-27,2018-08-02
56,Bournemouth,ENG,1,1673.37939453,2018-08-03,2018-08-09
56,Bournemouth,ENG,1,1673.78051758,2018-08-10,2018-08-11
55,Bournemouth,ENG,1,1679.63439941,2018-08-12,2018-08-16
54,Bournemouth,ENG,1,1682.37609863,2018-08-17,2018-08-18
52,Bournemouth,ENG,1,1691.58630371,2018-08-19,2018-08-19
51,Bournemouth,ENG,1,1691.58630371,2018-08-20,2018-08-22
52,Bournemouth,ENG,1,1691.58630371,2018-08-23,2018-08-23
53,Bournemouth,ENG,1,1687.83105469,2018-08-24,2018-08-25
53,Bournemouth,ENG,1,1686.40734863,2018-08-26,2018-08-26
54,Bournemouth,ENG,1,1686.40734863,2018-08-27,2018-08-30
54,Bournemouth,ENG,1,1683.92297363,2018-08-31,2018-09-01
54,Bournemouth,ENG,1,1679.80859375,2018-09-02,2018-09-02
55,Bournemouth,ENG,1,1679.80859375,2018-09-03,2018-09-15
52,Bournemouth,ENG,1,1689.34216309,2018-09-16,2018-09-16
50,Bournemouth,ENG,1,1689.34216309,2018-09-17,2018-09-18
49,Bournemouth,ENG,1,1687.5032959,2018-09-19,2018-09-19
52,Bournemouth,ENG,1,1685.57800293,2018-09-20,2018-09-20
52,Bournemouth,ENG,1,1687.90441895,2018-09-21,2018-09-22
57,Bournemouth,ENG,1,1672.41674805,2018-09-23,2018-09-23
58,Bournemouth,ENG,1,1672.41674805,2018-09-24,2018-09-24
59,Bournemouth,ENG,1,1672.41674805,2018-09-25,2018-09-29
61,Bournemouth,ENG,1,1672.41674805,2018-09-30,2018-10-01
56,Bournemouth,ENG,1,1678.72717285,2018-10-02,2018-10-02
56,Bournemouth,ENG,1,1678.65795898,2018-10-03,2018-10-03
58,Bournemouth,ENG,1,1672.50073242,2018-10-04,2018-10-04
61,Bournemouth,ENG,1,1674.35046387,2018-10-05,2018-10-06
51,Bournemouth,ENG,1,1692.60961914,2018-10-07,2018-10-07
50,Bournemouth,ENG,1,1692.60961914,2018-10-08,2018-10-19
51,Bournemouth,ENG,1,1692.60961914,2018-10-20,2018-10-20
54,Bournemouth,ENG,1,1689.06298828,2018-10-21,2018-10-22
53,Bournemouth,ENG,1,1689.06298828,2018-10-23,2018-10-23
53,Bournemouth,ENG,1,1689.64160156,2018-10-24,2018-10-24
52,Bournemouth,ENG,1,1689.70739746,2018-10-25,2018-10-25
53,Bournemouth,ENG,1,1692.32751465,2018-10-26,2018-10-27
46,Bournemouth,ENG,1,1704.27050781,2018-10-28,2018-10-28
44,Bournemouth,ENG,1,1704.27050781,2018-10-29,2018-11-02
45,Bournemouth,ENG,1,1704.27050781,2018-11-03,2018-11-03
49,Bournemouth,ENG,1,1698.40515137,2018-11-04,2018-11-04
50,Bournemouth,ENG,1,1698.40515137,2018-11-05,2018-11-06
50,Bournemouth,ENG,1,1693.43933105,2018-11-07,2018-11-07
49,Bournemouth,ENG,1,1699.43188477,2018-11-08,2018-11-08
49,Bournemouth,ENG,1,1698.24353027,2018-11-09,2018-11-10
51,Bournemouth,ENG,1,1690.20666504,2018-11-11,2018-11-11
52,Bournemouth,ENG,1,1690.20666504,2018-11-12,2018-11-24
51,Bournemouth,ENG,1,1690.20666504,2018-11-25,2018-11-25
54,Bournemouth,ENG,1,1684.63671875,2018-11-26,2018-11-27
54,Bournemouth,ENG,1,1683.87683105,2018-11-28,2018-11-28
53,Bournemouth,ENG,1,1682.98022461,2018-11-29,2018-11-29
52,Bournemouth,ENG,1,1685.55383301,2018-11-30,2018-12-01
54,Bournemouth,ENG,1,1683.71179199,2018-12-02,2018-12-03
53,Bournemouth,ENG,1,1683.71179199,2018-12-04,2018-12-04
52,Bournemouth,ENG,1,1687.48034668,2018-12-05,2018-12-08
55,Bournemouth,ENG,1,1680.11523438,2018-12-09,2018-12-10
56,Bournemouth,ENG,1,1680.11523438,2018-12-11,2018-12-11
54,Bournemouth,ENG,1,1683.2611084,2018-12-12,2018-12-12
54,Bournemouth,ENG,1,1681.24243164,2018-12-13,2018-12-13
51,Bournemouth,ENG,1,1679.0333252,2018-12-14,2018-12-15
57,Bournemouth,ENG,1,1667.66247559,2018-12-16,2018-12-18
58,Bournemouth,ENG,1,1667.66247559,2018-12-19,2018-12-22
54,Bournemouth,ENG,1,1675.8145752,2018-12-23,2018-12-23
55,Bournemouth,ENG,1,1675.8145752,2018-12-24,2018-12-26
57,Bournemouth,ENG,1,1671.3782959,2018-12-27,2018-12-30
60,Bournemouth,ENG,1,1666.25073242,2018-12-31,2019-01-02
62,Bournemouth,ENG,1,1664.46496582,2019-01-03,2019-01-04
61,Bournemouth,ENG,1,1664.46496582,2019-01-05,2019-01-12
62,Bournemouth,ENG,1,1664.46496582,2019-01-13,2019-01-13
65,Bournemouth,ENG,1,1656.10742188,2019-01-14,2019-01-18
66,Bournemouth,ENG,1,1656.10742188,2019-01-19,2019-01-19
61,Bournemouth,ENG,1,1666.50354004,2019-01-20,2019-01-20
60,Bournemouth,ENG,1,1666.50354004,2019-01-21,2019-01-26
58,Bournemouth,ENG,1,1666.50354004,2019-01-27,2019-01-30
48,Bournemouth,ENG,1,1688.95263672,2019-01-31,2019-02-02
55,Bournemouth,ENG,1,1674.83911133,2019-02-03,2019-02-03
53,Bournemouth,ENG,1,1674.83911133,2019-02-04,2019-02-09
57,Bournemouth,ENG,1,1671.96008301,2019-02-10,2019-02-12
57,Bournemouth,ENG,1,1667.98986816,2019-02-13,2019-02-13
56,Bournemouth,ENG,1,1671.84484863,2019-02-14,2019-02-14
56,Bournemouth,ENG,1,1670.82714844,2019-02-15,2019-02-16
57,Bournemouth,ENG,1,1670.82714844,2019-02-17,2019-02-17
58,Bournemouth,ENG,1,1670.82714844,2019-02-18,2019-02-19
58,Bournemouth,ENG,1,1670.1953125,2019-02-20,2019-02-20
58,Bournemouth,ENG,1,1670.84899902,2019-02-21,2019-02-21
60,Bournemouth,ENG,1,1673.83764648,2019-02-22,2019-02-22
61,Bournemouth,ENG,1,1673.83764648,2019-02-23,2019-02-23
62,Bournemouth,ENG,1,1672.09594727,2019-02-24,2019-02-24
63,Bournemouth,ENG,1,1672.09594727,2019-02-25,2019-02-25
64,Bournemouth,ENG,1,1672.09594727,2019-02-26,2019-02-26
65,Bournemouth,ENG,1,1672.09594727,2019-02-27,2019-02-27
65,Bournemouth,ENG,1,1666.56054688,2019-02-28,2019-03-02
65,Bournemouth,ENG,1,1664.08227539,2019-03-03,2019-03-05
64,Bournemouth,ENG,1,1665.54492188,2019-03-06,2019-03-06
62,Bournemouth,ENG,1,1672.3996582,2019-03-07,2019-03-07
63,Bournemouth,ENG,1,1670.61340332,2019-03-08,2019-03-09
56,Bournemouth,ENG,1,1678.88598633,2019-03-10,2019-03-12
56,Bournemouth,ENG,1,1679.39257812,2019-03-13,2019-03-13
52,Bournemouth,ENG,1,1684.78320312,2019-03-14,2019-03-14
52,Bournemouth,ENG,1,1690.96105957,2019-03-15,2019-03-16
53,Bournemouth,ENG,1,1688.88330078,2019-03-17,2019-03-30
57,Bournemouth,ENG,1,1680.55334473,2019-03-31,2019-04-05
56,Bournemouth,ENG,1,1680.55334473,2019-04-06,2019-04-06
65,Bournemouth,ENG,1,1665.86523438,2019-04-07,2019-04-07
64,Bournemouth,ENG,1,1665.86523438,2019-04-08,2019-04-09
64,Bournemouth,ENG,1,1667.33764648,2019-04-10,2019-04-10
64,Bournemouth,ENG,1,1665.83569336,2019-04-11,2019-04-11
63,Bournemouth,ENG,1,1669.70800781,2019-04-12,2019-04-13
53,Bournemouth,ENG,1,1689.42224121,2019-04-14,2019-04-14
52,Bournemouth,ENG,1,1689.42224121,2019-04-15,2019-04-16
51,Bournemouth,ENG,1,1687.6060791,2019-04-17,2019-04-17
51,Bournemouth,ENG,1,1688.98022461,2019-04-18,2019-04-18
51,Bournemouth,ENG,1,1691.15869141,2019-04-19,2019-04-20
58,Bournemouth,ENG,1,1678.87011719,2019-04-21,2019-04-24
57,Bournemouth,ENG,1,1678.87011719,2019-04-25,2019-04-27
56,Bournemouth,ENG,1,1681.12268066,2019-04-28,2019-04-30
59,Bournemouth,ENG,1,1677.72131348,2019-05-01,2019-05-01
63,Bournemouth,ENG,1,1673.76855469,2019-05-02,2019-05-02
59,Bournemouth,ENG,1,1677.0447998,2019-05-03,2019-05-04
56,Bournemouth,ENG,1,1688.57995605,2019-05-05,2019-05-05
55,Bournemouth,ENG,1,1688.57995605,2019-05-06,2019-05-07
50,Bournemouth,ENG,1,1696.41345215,2019-05-08,2019-05-08
47,Bournemouth,ENG,1,1701.50378418,2019-05-09,2019-05-09
47,Bournemouth,ENG,1,1702.40527344,2019-05-10,2019-05-11
49,Bournemouth,ENG,1,1702.40527344,2019-05-12,2019-05-12
51,Bournemouth,ENG,1,1694.88586426,2019-05-13,2019-05-19
49,Bournemouth,ENG,1,1694.88586426,2019-05-20,2019-05-22
48,Bournemouth,ENG,1,1694.88586426,2019-05-23,2019-05-26
50,Bournemouth,ENG,1,1694.88586426,2019-05-27,2019-07-25
50,Bournemouth,ENG,1,1694.89733887,2019-07-26,2019-07-30
49,Bournemouth,ENG,1,1694.89733887,2019-07-31,2019-08-01
49,Bournemouth,ENG,1,1694.90454102,2019-08-02,2019-08-08
49,Bournemouth,ENG,1,1695.07556152,2019-08-09,2019-08-10
52,Bournemouth,ENG,1,1691.36767578,2019-08-11,2019-08-11
53,Bournemouth,ENG,1,1691.36767578,2019-08-12,2019-08-13
52,Bournemouth,ENG,1,1691.36767578,2019-08-14,2019-08-15
52,Bournemouth,ENG,1,1691.47058105,2019-08-16,2019-08-17
48,Bournemouth,ENG,1,1698.89746094,2019-08-18,2019-08-21
49,Bournemouth,ENG,1,1698.89746094,2019-08-22,2019-08-22
47,Bournemouth,ENG,1,1701.86572266,2019-08-23,2019-08-24
48,Bournemouth,ENG,1,1701.86572266,2019-08-25,2019-08-25
49,Bournemouth,ENG,1,1698.8260498,2019-08-26,2019-08-29
49,Bournemouth,ENG,1,1700.01367188,2019-08-30,2019-08-30
48,Bournemouth,ENG,1,1700.01367188,2019-08-31,2019-08-31
52,Bournemouth,ENG,1,1692.85388184,2019-09-01,2019-09-01
53,Bournemouth,ENG,1,1692.85388184,2019-09-02,2019-09-15
47,Bournemouth,ENG,1,1704.84448242,2019-09-16,2019-09-17
49,Bournemouth,ENG,1,1695.35595703,2019-09-18,2019-09-18
49,Bournemouth,ENG,1,1696.59606934,2019-09-19,2019-09-19
48,Bournemouth,ENG,1,1696.83068848,2019-09-20,2019-09-20
40,Bournemouth,ENG,1,1709.87976074,2019-09-21,2019-09-22
39,Bournemouth,ENG,1,1709.87976074,2019-09-23,2019-09-28
40,Bournemouth,ENG,1,1709.3873291,2019-09-29,2019-09-29
41,Bournemouth,ENG,1,1709.3873291,2019-09-30,2019-10-01
41,Bournemouth,ENG,1,1703.75976562,2019-10-02,2019-10-02
40,Bournemouth,ENG,1,1706.07446289,2019-10-03,2019-10-03
41,Bournemouth,ENG,1,1707.86010742,2019-10-04,2019-10-06
43,Bournemouth,ENG,1,1705.13085938,2019-10-07,2019-10-19
44,Bournemouth,ENG,1,1700.97094727,2019-10-20,2019-10-22
43,Bournemouth,ENG,1,1704.11132812,2019-10-23,2019-10-23
41,Bournemouth,ENG,1,1708.16418457,2019-10-24,2019-10-24
40,Bournemouth,ENG,1,1710.10717773,2019-10-25,2019-10-26
40,Bournemouth,ENG,1,1710.5189209,2019-10-27,2019-11-02
37,Bournemouth,ENG,1,1720.12768555,2019-11-03,2019-11-05
41,Bournemouth,ENG,1,1719.43444824,2019-11-06,2019-11-06
41,Bournemouth,ENG,1,1719.01989746,2019-11-07,2019-11-07
39,Bournemouth,ENG,1,1719.94750977,2019-11-08,2019-11-09
40,Bournemouth,ENG,1,1713.38012695,2019-11-10,2019-11-23
43,Bournemouth,ENG,1,1704.9720459,2019-11-24,2019-11-24
42,Bournemouth,ENG,1,1704.9720459,2019-11-25,2019-11-26
42,Bournemouth,ENG,1,1703.91967773,2019-11-27,2019-11-27
43,Bournemouth,ENG,1,1701.22497559,2019-11-28,2019-11-28
50,Bournemouth,ENG,1,1692.14807129,2019-11-29,2019-11-30
52,Bournemouth,ENG,1,1689.08081055,2019-12-01,2019-12-01
54,Bournemouth,ENG,1,1689.08081055,2019-12-02,2019-12-03
54,Bournemouth,ENG,1,1683.89880371,2019-12-04,2019-12-07
53,Bournemouth,ENG,1,1680.6895752,2019-12-08,2019-12-08
54,Bournemouth,ENG,1,1680.6895752,2019-12-09,2019-12-10
53,Bournemouth,ENG,1,1682.88146973,2019-12-11,2019-12-11
55,Bournemouth,ENG,1,1682.62768555,2019-12-12,2019-12-12
53,Bournemouth,ENG,1,1684.74768066,2019-12-13,2019-12-13
52,Bournemouth,ENG,1,1684.74768066,2019-12-14,2019-12-14
42,Bournemouth,ENG,1,1698.25817871,2019-12-15,2019-12-20
43,Bournemouth,ENG,1,1698.25817871,2019-12-21,2019-12-21
54,Bournemouth,ENG,1,1688.64782715,2019-12-22,2019-12-22
52,Bournemouth,ENG,1,1688.64782715,2019-12-23,2019-12-26
52,Bournemouth,ENG,1,1690.37475586,2019-12-27,2019-12-28
54,Bournemouth,ENG,1,1679.67944336,2019-12-29,2020-01-01
62,Bournemouth,ENG,1,1667.32641602,2020-01-02,2020-01-05
63,Bournemouth,ENG,1,1667.32641602,2020-01-06,2020-01-06
62,Bournemouth,ENG,1,1667.32641602,2020-01-07,2020-01-11
63,Bournemouth,ENG,1,1667.32641602,2020-01-12,2020-01-12
68,Bournemouth,ENG,1,1651.19335938,2020-01-13,2020-01-18
77,Bournemouth,ENG,1,1643.27380371,2020-01-19,2020-01-19
76,Bournemouth,ENG,1,1643.27380371,2020-01-20,2020-01-21
69,Bournemouth,ENG,1,1653.1048584,2020-01-22,2020-01-22
70,Bournemouth,ENG,1,1653.1048584,2020-01-23,2020-01-23
71,Bournemouth,ENG,1,1653.1048584,2020-01-24,2020-01-25
68,Bournemouth,ENG,1,1653.1048584,2020-01-26,2020-01-26
67,Bournemouth,ENG,1,1653.1048584,2020-01-27,2020-02-01
63,Bournemouth,ENG,1,1659.10217285,2020-02-02,2020-02-09
67,Bournemouth,ENG,1,1653.53686523,2020-02-10,2020-02-14
68,Bournemouth,ENG,1,1653.53686523,2020-02-15,2020-02-15
69,Bournemouth,ENG,1,1653.53686523,2020-02-16,2020-02-16
68,Bournemouth,ENG,1,1653.53686523,2020-02-17,2020-02-18
70,Bournemouth,ENG,1,1651.1998291,2020-02-19,2020-02-19
70,Bournemouth,ENG,1,1648.40393066,2020-02-20,2020-02-20
66,Bournemouth,ENG,1,1654.1496582,2020-02-21,2020-02-22
73,Bournemouth,ENG,1,1644.4942627,2020-02-23,2020-02-25
74,Bournemouth,ENG,1,1641.59143066,2020-02-26,2020-02-26
72,Bournemouth,ENG,1,1643.43908691,2020-02-27,2020-02-27
74,Bournemouth,ENG,1,1641.85009766,2020-02-28,2020-02-29
70,Bournemouth,ENG,1,1645.48535156,2020-03-01,2020-03-04
69,Bournemouth,ENG,1,1645.48535156,2020-03-05,2020-03-07
72,Bournemouth,ENG,1,1644.67260742,2020-03-08,2020-03-08
70,Bournemouth,ENG,1,1644.67260742,2020-03-09,2020-03-10
74,Bournemouth,ENG,1,1641.04296875,2020-03-11,2020-03-11
78,Bournemouth,ENG,1,1634.03442383,2020-03-12,2020-03-12
77,Bournemouth,ENG,1,1638.36486816,2020-03-13,2020-03-15
76,Bournemouth,ENG,1,1638.36486816,2020-03-16,2020-05-16
77,Bournemouth,ENG,1,1638.36486816,2020-05-17,2020-05-23
76,Bournemouth,ENG,1,1638.36486816,2020-05-24,2020-05-24
75,Bournemouth,ENG,1,1638.36486816,2020-05-25,2020-05-27
74,Bournemouth,ENG,1,1638.36486816,2020-05-28,2020-05-30
75,Bournemouth,ENG,1,1638.36486816,2020-05-31,2020-06-05
76,Bournemouth,ENG,1,1638.36486816,2020-06-06,2020-06-06
77,Bournemouth,ENG,1,1638.36486816,2020-06-07,2020-06-07
76,Bournemouth,ENG,1,1638.36486816,2020-06-08,2020-06-13
75,Bournemouth,ENG,1,1638.36486816,2020-06-14,2020-06-14
73,Bournemouth,ENG,1,1638.36486816,2020-06-15,2020-06-19
74,Bournemouth,ENG,1,1638.36486816,2020-06-20,2020-06-20
78,Bournemouth,ENG,1,1628.26281738,2020-06-21,2020-06-24
81,Bournemouth,ENG,1,1625.02478027,2020-06-25,2020-06-28
80,Bournemouth,ENG,1,1625.02478027,2020-06-29,2020-06-30
79,Bournemouth,ENG,1,1625.02478027,2020-07-01,2020-07-01
88,Bournemouth,ENG,1,1612.39379883,2020-07-02,2020-07-04
91,Bournemouth,ENG,1,1608.83251953,2020-07-05,2020-07-05
93,Bournemouth,ENG,1,1608.83251953,2020-07-06,2020-07-08
90,Bournemouth,ENG,1,1608.83251953,2020-07-09,2020-07-09
86,Bournemouth,ENG,1,1612.71704102,2020-07-10,2020-07-12
79,Bournemouth,ENG,1,1632.91418457,2020-07-13,2020-07-13
78,Bournemouth,ENG,1,1632.91418457,2020-07-14,2020-07-15
78,Bournemouth,ENG,1,1631.78234863,2020-07-16,2020-07-18
77,Bournemouth,ENG,1,1631.78234863,2020-07-19,2020-07-19
83,Bournemouth,ENG,1,1621.64343262,2020-07-20,2020-07-21
84,Bournemouth,ENG,1,1621.64343262,2020-07-22,2020-07-22
83,Bournemouth,ENG,1,1621.64343262,2020-07-23,2020-07-25
82,Bournemouth,ENG,1,1621.64343262,2020-07-26,2020-07-26
73,Bournemouth,ENG,1,1638.72631836,2020-07-27,2020-07-29
74,Bournemouth,ENG,1,1638.72631836,2020-07-30,2020-08-05
76,Bournemouth,ENG,1,1637.73657227,2020-08-06,2020-08-06
75,Bournemouth,ENG,1,1640.11413574,2020-08-07,2020-08-07
73,Bournemouth,ENG,1,1641.34899902,2020-08-08,2020-08-08
73,Bournemouth,ENG,1,1640.98522949,2020-08-09,2020-08-10
74,Bournemouth,ENG,1,1641.65161133,2020-08-11,2020-08-11
74,Bournemouth,ENG,1,1639.33947754,2020-08-12,2020-08-14
73,Bournemouth,ENG,1,1639.33947754,2020-08-15,2020-08-15
78,Bournemouth,ENG,1,1632.62219238,2020-08-16,2020-08-16
78,Bournemouth,ENG,1,1629.69226074,2020-08-17,2020-08-18
79,Bournemouth,ENG,1,1629.69226074,2020-08-19,2020-08-23
78,Bournemouth,ENG,1,1629.69226074,2020-08-24,2020-08-29
79,Bournemouth,ENG,1,1629.69226074,2020-08-30,2020-09-12
78,Bournemouth,ENG,2,1633.18969727,2020-09-13,2020-09-15
79,Bournemouth,ENG,2,1633.18969727,2020-09-16,2020-09-16
78,Bournemouth,ENG,2,1633.18969727,2020-09-17,2020-09-17
79,Bournemouth,ENG,2,1633.55993652,2020-09-18,2020-09-19
78,Bournemouth,ENG,2,1629.90893555,2020-09-20,2020-09-20
76,Bournemouth,ENG,2,1629.90893555,2020-09-21,2020-09-23
77,Bournemouth,ENG,2,1629.90893555,2020-09-24,2020-09-24
77,Bournemouth,ENG,2,1630.24475098,2020-09-25,2020-09-26
80,Bournemouth,ENG,2,1630.24475098,2020-09-27,2020-09-27
78,Bournemouth,ENG,2,1635.15380859,2020-09-28,2020-09-28
79,Bournemouth,ENG,2,1635.15380859,2020-09-29,2020-09-29
80,Bournemouth,ENG,2,1635.15380859,2020-09-30,2020-09-30
79,Bournemouth,ENG,2,1635.15380859,2020-10-01,2020-10-01
78,Bournemouth,ENG,2,1635.96313477,2020-10-02,2020-10-02
74,Bournemouth,ENG,2,1639.96032715,2020-10-03,2020-10-03
73,Bournemouth,ENG,2,1639.96032715,2020-10-04,2020-10-04
74,Bournemouth,ENG,2,1639.96032715,2020-10-05,2020-10-11
73,Bournemouth,ENG,2,1639.96032715,2020-10-12,2020-10-16
74,Bournemouth,ENG,2,1639.96032715,2020-10-17,2020-10-17
81,Bournemouth,ENG,2,1634.24267578,2020-10-18,2020-10-18
80,Bournemouth,ENG,2,1634.24267578,2020-10-19,2020-10-20
73,Bournemouth,ENG,2,1637.9317627,2020-10-21,2020-10-21
73,Bournemouth,ENG,2,1638.78295898,2020-10-22,2020-10-22
70,Bournemouth,ENG,2,1642.98571777,2020-10-23,2020-10-24
69,Bournemouth,ENG,2,1644.18688965,2020-10-25,2020-10-25
70,Bournemouth,ENG,2,1644.18688965,2020-10-26,2020-10-27
68,Bournemouth,ENG,2,1646.46777344,2020-10-28,2020-10-28
66,Bournemouth,ENG,2,1657.85925293,2020-10-29,2020-10-29
68,Bournemouth,ENG,2,1654.99572754,2020-10-30,2020-10-31
67,Bournemouth,ENG,2,1649.91259766,2020-11-01,2020-11-02
68,Bournemouth,ENG,2,1649.91259766,2020-11-03,2020-11-03
75,Bournemouth,ENG,2,1641.97619629,2020-11-04,2020-11-04
76,Bournemouth,ENG,2,1638.84814453,2020-11-05,2020-11-05
77,Bournemouth,ENG,2,1642.70141602,2020-11-06,2020-11-07
73,Bournemouth,ENG,2,1648.26977539,2020-11-08,2020-11-08
75,Bournemouth,ENG,2,1648.26977539,2020-11-09,2020-11-20
73,Bournemouth,ENG,2,1648.26977539,2020-11-21,2020-11-21
70,Bournemouth,ENG,2,1653.98083496,2020-11-22,2020-11-22
69,Bournemouth,ENG,2,1653.98083496,2020-11-23,2020-11-24
65,Bournemouth,ENG,2,1660.86450195,2020-11-25,2020-11-25
69,Bournemouth,ENG,2,1655.66235352,2020-11-26,2020-11-26
71,Bournemouth,ENG,2,1657.11181641,2020-11-27,2020-11-28
76,Bournemouth,ENG,2,1651.05712891,2020-11-29,2020-11-29
77,Bournemouth,ENG,2,1651.05712891,2020-11-30,2020-12-01
82,Bournemouth,ENG,2,1638.07666016,2020-12-02,2020-12-02
82,Bournemouth,ENG,2,1639.57568359,2020-12-03,2020-12-03
82,Bournemouth,ENG,2,1635.08496094,2020-12-04,2020-12-04
77,Bournemouth,ENG,2,1644.67565918,2020-12-05,2020-12-05
76,Bournemouth,ENG,2,1644.67565918,2020-12-06,2020-12-06
77,Bournemouth,ENG,2,1644.67565918,2020-12-07,2020-12-07
76,Bournemouth,ENG,2,1644.67565918,2020-12-08,2020-12-08
79,Bournemouth,ENG,2,1638.66943359,2020-12-09,2020-12-09
80,Bournemouth,ENG,2,1637.2557373,2020-12-10,2020-12-10
80,Bournemouth,ENG,2,1639.07043457,2020-12-11,2020-12-11
81,Bournemouth,ENG,2,1639.07043457,2020-12-12,2020-12-12
77,Bournemouth,ENG,2,1647.04980469,2020-12-13,2020-12-15
76,Bournemouth,ENG,2,1648.81567383,2020-12-16,2020-12-16
78,Bournemouth,ENG,2,1648.81567383,2020-12-17,2020-12-19
79,Bournemouth,ENG,2,1644.4765625,2020-12-20,2020-12-20
78,Bournemouth,ENG,2,1644.4765625,2020-12-21,2020-12-22
77,Bournemouth,ENG,2,1644.4765625,2020-12-23,2020-12-23
78,Bournemouth,ENG,2,1644.4765625,2020-12-24,2020-12-30
81,Bournemouth,ENG,2,1636.80859375,2020-12-31,2021-01-02
80,Bournemouth,ENG,2,1643.01159668,2021-01-03,2021-01-10
77,Bournemouth,ENG,2,1643.01159668,2021-01-11,2021-01-12
78,Bournemouth,ENG,2,1637.82788086,2021-01-13,2021-01-16
86,Bournemouth,ENG,2,1624.47436523,2021-01-17,2021-01-19
92,Bournemouth,ENG,2,1613.02575684,2021-01-20,2021-01-20
93,Bournemouth,ENG,2,1613.02575684,2021-01-21,2021-01-22
92,Bournemouth,ENG,2,1613.02575684,2021-01-23,2021-01-24
93,Bournemouth,ENG,2,1613.02575684,2021-01-25,2021-01-29
98,Bournemouth,ENG,2,1599.29418945,2021-01-30,2021-01-30
97,Bournemouth,ENG,2,1599.29418945,2021-01-31,2021-02-02
None,Bournemouth,ENG,2,1586.67871094,2021-02-03,2021-02-06
None,Bournemouth,ENG,2,1590.05053711,2021-02-07,2021-02-13
None,Bournemouth,ENG,2,1587.73522949,2021-02-14,2021-02-16
None,Bournemouth,ENG,2,1591.38757324,2021-02-17,2021-02-17
None,Bournemouth,ENG,2,1595.0637207,2021-02-18,2021-02-18
98,Bournemouth,ENG,2,1599.35852051,2021-02-19,2021-02-19
99,Bournemouth,ENG,2,1599.35852051,2021-02-20,2021-02-20
None,Bournemouth,ENG,2,1589.14599609,2021-02-21,2021-02-23
None,Bournemouth,ENG,2,1591.86877441,2021-02-24,2021-02-24
None,Bournemouth,ENG,2,1584.01086426,2021-02-25,2021-02-25
None,Bournemouth,ENG,2,1578.51513672,2021-02-26,2021-02-27
None,Bournemouth,ENG,2,1587.65991211,2021-02-28,2021-03-03
99,Bournemouth,ENG,2,1593.52062988,2021-03-04,2021-03-04
98,Bournemouth,ENG,2,1593.52062988,2021-03-05,2021-03-06
100,Bournemouth,ENG,2,1591.04162598,2021-03-07,2021-03-10
100,Bournemouth,ENG,2,1593.42956543,2021-03-11,2021-03-11
99,Bournemouth,ENG,2,1596.81994629,2021-03-12,2021-03-12
100,Bournemouth,ENG,2,1596.81994629,2021-03-13,2021-03-13
None,Bournemouth,ENG,2,1586.59289551,2021-03-14,2021-03-16
95,Bournemouth,ENG,2,1600.54980469,2021-03-17,2021-03-17
94,Bournemouth,ENG,2,1604.52380371,2021-03-18,2021-03-18
95,Bournemouth,ENG,2,1598.80102539,2021-03-19,2021-03-20
96,Bournemouth,ENG,2,1598.80102539,2021-03-21,2021-03-21
98,Bournemouth,ENG,2,1598.80102539,2021-03-22,2021-04-02
95,Bournemouth,ENG,2,1606.31103516,2021-04-03,2021-04-03
96,Bournemouth,ENG,2,1606.31103516,2021-04-04,2021-04-04
97,Bournemouth,ENG,2,1606.31103516,2021-04-05,2021-04-05
91,Bournemouth,ENG,2,1614.34338379,2021-04-06,2021-04-06
91,Bournemouth,ENG,2,1611.24865723,2021-04-07,2021-04-07
90,Bournemouth,ENG,2,1614.50439453,2021-04-08,2021-04-08
91,Bournemouth,ENG,2,1614.80480957,2021-04-09,2021-04-09
92,Bournemouth,ENG,2,1614.80480957,2021-04-10,2021-04-10
88,Bournemouth,ENG,2,1620.21520996,2021-04-11,2021-04-11
85,Bournemouth,ENG,2,1620.21520996,2021-04-12,2021-04-12
86,Bournemouth,ENG,2,1620.21520996,2021-04-13,2021-04-13
84,Bournemouth,ENG,2,1623.81518555,2021-04-14,2021-04-14
84,Bournemouth,ENG,2,1623.66174316,2021-04-15,2021-04-15
81,Bournemouth,ENG,2,1629.2277832,2021-04-16,2021-04-17
76,Bournemouth,ENG,2,1642.68530273,2021-04-18,2021-04-18
77,Bournemouth,ENG,2,1642.68530273,2021-04-19,2021-04-20
76,Bournemouth,ENG,2,1642.68530273,2021-04-21,2021-04-21
73,Bournemouth,ENG,2,1652.50732422,2021-04-22,2021-04-24
79,Bournemouth,ENG,2,1643.06921387,2021-04-25,2021-04-25
78,Bournemouth,ENG,2,1643.06921387,2021-04-26,2021-04-27
76,Bournemouth,ENG,2,1643.81530762,2021-04-28,2021-04-28
76,Bournemouth,ENG,2,1645.15588379,2021-04-29,2021-04-29
76,Bournemouth,ENG,2,1645.43395996,2021-04-30,2021-05-01
81,Bournemouth,ENG,2,1631.64892578,2021-05-02,2021-05-02
82,Bournemouth,ENG,2,1631.64892578,2021-05-03,2021-05-04
82,Bournemouth,ENG,2,1632.81958008,2021-05-05,2021-05-05
79,Bournemouth,ENG,2,1637.59118652,2021-05-06,2021-05-06
82,Bournemouth,ENG,2,1635.0567627,2021-05-07,2021-05-08
86,Bournemouth,ENG,2,1617.7578125,2021-05-09,2021-05-09
88,Bournemouth,ENG,2,1617.7578125,2021-05-10,2021-05-11
89,Bournemouth,ENG,2,1617.7578125,2021-05-12,2021-05-16
88,Bournemouth,ENG,2,1617.7578125,2021-05-17,2021-05-17
85,Bournemouth,ENG,2,1625.21875,2021-05-18,2021-05-19
84,Bournemouth,ENG,2,1625.21875,2021-05-20,2021-05-22
92,Bournemouth,ENG,2,1608.31420898,2021-05-23,2021-05-26
93,Bournemouth,ENG,2,1607.37670898,2021-05-27,2021-06-02
94,Bournemouth,ENG,2,1607.37670898,2021-06-03,2021-08-06
94,Bournemouth,ENG,2,1607.08544922,2021-08-07,2021-08-14
88,Bournemouth,ENG,2,1612.66784668,2021-08-15,2021-08-15
89,Bournemouth,ENG,2,1612.66784668,2021-08-16,2021-08-18
88,Bournemouth,ENG,2,1619.28051758,2021-08-19,2021-08-19
89,Bournemouth,ENG,2,1618.32946777,2021-08-20,2021-08-21
91,Bournemouth,ENG,2,1612.90222168,2021-08-22,2021-08-26
90,Bournemouth,ENG,2,1614.16687012,2021-08-27,2021-08-27
89,Bournemouth,ENG,2,1614.16687012,2021-08-28,2021-08-28
93,Bournemouth,ENG,2,1609.93457031,2021-08-29,2021-08-29
92,Bournemouth,ENG,2,1609.93457031,2021-08-30,2021-09-05
91,Bournemouth,ENG,2,1609.93457031,2021-09-06,2021-09-06
90,Bournemouth,ENG,2,1609.93457031,2021-09-07,2021-09-10
91,Bournemouth,ENG,2,1609.93457031,2021-09-11,2021-09-11
84,Bournemouth,ENG,2,1619.89331055,2021-09-12,2021-09-12
85,Bournemouth,ENG,2,1619.89331055,2021-09-13,2021-09-14
85,Bournemouth,ENG,2,1622.25292969,2021-09-15,2021-09-15
84,Bournemouth,ENG,2,1624.54443359,2021-09-16,2021-09-16
85,Bournemouth,ENG,2,1625.13513184,2021-09-17,2021-09-18
81,Bournemouth,ENG,2,1632.24658203,2021-09-19,2021-09-21
82,Bournemouth,ENG,2,1632.24658203,2021-09-22,2021-09-22
81,Bournemouth,ENG,2,1632.24658203,2021-09-23,2021-09-25
78,Bournemouth,ENG,2,1636.22338867,2021-09-26,2021-09-28
79,Bournemouth,ENG,2,1636.0411377,2021-09-29,2021-09-29
82,Bournemouth,ENG,2,1629.43237305,2021-09-30,2021-09-30
84,Bournemouth,ENG,2,1626.21960449,2021-10-01,2021-10-01
85,Bournemouth,ENG,2,1626.21960449,2021-10-02,2021-10-02
80,Bournemouth,ENG,2,1632.24768066,2021-10-03,2021-10-15
79,Bournemouth,ENG,2,1632.24768066,2021-10-16,2021-10-16
78,Bournemouth,ENG,2,1638.33166504,2021-10-17,2021-10-17
77,Bournemouth,ENG,2,1638.33166504,2021-10-18,2021-10-18
76,Bournemouth,ENG,2,1638.33166504,2021-10-19,2021-10-19
73,Bournemouth,ENG,2,1648.01696777,2021-10-20,2021-10-20
72,Bournemouth,ENG,2,1651.03149414,2021-10-21,2021-10-21
74,Bournemouth,ENG,2,1647.67529297,2021-10-22,2021-10-23
72,Bournemouth,ENG,2,1653.76672363,2021-10-24,2021-10-30
70,Bournemouth,ENG,2,1660.73974609,2021-10-31,2021-11-01
71,Bournemouth,ENG,2,1660.73974609,2021-11-02,2021-11-02
70,Bournemouth,ENG,2,1661.05444336,2021-11-03,2021-11-03
74,Bournemouth,ENG,2,1650.46081543,2021-11-04,2021-11-04
77,Bournemouth,ENG,2,1646.84619141,2021-11-05,2021-11-05
78,Bournemouth,ENG,2,1646.84619141,2021-11-06,2021-11-06
73,Bournemouth,ENG,2,1657.16674805,2021-11-07,2021-11-07
72,Bournemouth,ENG,2,1657.16674805,2021-11-08,2021-11-20
71,Bournemouth,ENG,2,1657.16674805,2021-11-21,2021-11-21
76,Bournemouth,ENG,2,1644.70544434,2021-11-22,2021-11-22
77,Bournemouth,ENG,2,1644.70544434,2021-11-23,2021-11-23
72,Bournemouth,ENG,2,1650.34411621,2021-11-24,2021-11-24
72,Bournemouth,ENG,2,1650.24023438,2021-11-25,2021-11-25
73,Bournemouth,ENG,2,1646.60021973,2021-11-26,2021-11-27
77,Bournemouth,ENG,2,1642.01647949,2021-11-28,2021-11-30
78,Bournemouth,ENG,2,1642.01647949,2021-12-01,2021-12-01
80,Bournemouth,ENG,2,1642.01647949,2021-12-02,2021-12-03
78,Bournemouth,ENG,2,1643.85778809,2021-12-04,2021-12-04
79,Bournemouth,ENG,2,1643.85778809,2021-12-05,2021-12-07
81,Bournemouth,ENG,2,1641.51782227,2021-12-08,2021-12-08
81,Bournemouth,ENG,2,1637.62304688,2021-12-09,2021-12-09
83,Bournemouth,ENG,2,1631.4675293,2021-12-10,2021-12-10
81,Bournemouth,ENG,2,1631.4675293,2021-12-11,2021-12-11
90,Bournemouth,ENG,2,1615.71154785,2021-12-12,2021-12-14
89,Bournemouth,ENG,2,1615.71154785,2021-12-15,2021-12-18
97,Bournemouth,ENG,2,1605.36779785,2021-12-19,2021-12-19
96,Bournemouth,ENG,2,1605.36779785,2021-12-20,2021-12-22
97,Bournemouth,ENG,2,1605.36779785,2021-12-23,2021-12-26
96,Bournemouth,ENG,2,1605.36779785,2021-12-27,2021-12-27
90,Bournemouth,ENG,2,1612.66308594,2021-12-28,2021-12-30
90,Bournemouth,ENG,2,1619.43945312,2021-12-31,2022-01-02
89,Bournemouth,ENG,2,1619.43945312,2022-01-03,2022-01-09
88,Bournemouth,ENG,2,1619.43945312,2022-01-10,2022-01-14
87,Bournemouth,ENG,2,1619.43945312,2022-01-15,2022-01-15
93,Bournemouth,ENG,2,1609.09143066,2022-01-16,2022-01-16
91,Bournemouth,ENG,2,1609.09143066,2022-01-17,2022-01-21
94,Bournemouth,ENG,2,1609.09143066,2022-01-22,2022-01-22
None,Bournemouth,ENG,2,1595.85437012,2022-01-23,2022-01-23
100,Bournemouth,ENG,2,1595.85437012,2022-01-24,2022-01-24
99,Bournemouth,ENG,2,1595.85437012,2022-01-25,2022-01-29
97,Bournemouth,ENG,2,1600.3581543,2022-01-30,2022-02-02
98,Bournemouth,ENG,2,1600.3581543,2022-02-03,2022-02-05
99,Bournemouth,ENG,2,1600.3581543,2022-02-06,2022-02-06
100,Bournemouth,ENG,2,1600.3581543,2022-02-07,2022-02-09
97,Bournemouth,ENG,2,1604.95251465,2022-02-10,2022-02-12
93,Bournemouth,ENG,2,1610.57336426,2022-02-13,2022-02-14
94,Bournemouth,ENG,2,1610.57336426,2022-02-15,2022-02-15
94,Bournemouth,ENG,2,1611.53930664,2022-02-16,2022-02-16
94,Bournemouth,ENG,2,1613.57617188,2022-02-17,2022-02-17
92,Bournemouth,ENG,2,1614.00805664,2022-02-18,2022-02-19
93,Bournemouth,ENG,2,1614.00805664,2022-02-20,2022-02-22
92,Bournemouth,ENG,2,1615.03942871,2022-02-23,2022-02-23
92,Bournemouth,ENG,2,1615.5333252,2022-02-24,2022-02-24
92,Bournemouth,ENG,2,1615.87780762,2022-02-25,2022-02-25
91,Bournemouth,ENG,2,1615.87780762,2022-02-26,2022-02-26
88,Bournemouth,ENG,2,1620.2532959,2022-02-27,2022-03-05
93,Bournemouth,ENG,2,1610.45446777,2022-03-06,2022-03-06
92,Bournemouth,ENG,2,1610.45446777,2022-03-07,2022-03-08
99,Bournemouth,ENG,2,1602.66564941,2022-03-09,2022-03-09
100,Bournemouth,ENG,2,1602.95031738,2022-03-10,2022-03-10
100,Bournemouth,ENG,2,1603.8494873,2022-03-11,2022-03-12
96,Bournemouth,ENG,2,1609.5,2022-03-13,2022-03-15
None,Bournemouth,ENG,2,1599.55822754,2022-03-16,2022-03-16
None,Bournemouth,ENG,2,1600.3651123,2022-03-17,2022-03-17
98,Bournemouth,ENG,2,1605.29675293,2022-03-18,2022-03-18
96,Bournemouth,ENG,2,1605.29675293,2022-03-19,2022-03-19
88,Bournemouth,ENG,2,1618.34423828,2022-03-20,2022-03-20
89,Bournemouth,ENG,2,1618.34423828,2022-03-21,2022-04-01
90,Bournemouth,ENG,2,1618.34423828,2022-04-02,2022-04-02
88,Bournemouth,ENG,2,1621.11096191,2022-04-03,2022-04-03
87,Bournemouth,ENG,2,1621.11096191,2022-04-04,2022-04-05
86,Bournemouth,ENG,2,1622.23999023,2022-04-06,2022-04-06
None,Bournemouth,ENG,2,1605.56811523,2022-04-07,2022-04-07
None,Bournemouth,ENG,2,1603.99853516,2022-04-08,2022-04-09
100,Bournemouth,ENG,2,1604.62329102,2022-04-10,2022-04-10
None,Bournemouth,ENG,2,1604.62329102,2022-04-11,2022-04-12
None,Bournemouth,ENG,2,1605.13989258,2022-04-13,2022-04-13
None,Bournemouth,ENG,2,1606.14794922,2022-04-14,2022-04-14
94,Bournemouth,ENG,2,1614.07446289,2022-04-15,2022-04-15
97,Bournemouth,ENG,2,1610.84228516,2022-04-16,2022-04-16
98,Bournemouth,ENG,2,1610.84228516,2022-04-17,2022-04-17
97,Bournemouth,ENG,2,1610.84228516,2022-04-18,2022-04-18
86,Bournemouth,ENG,2,1622.61303711,2022-04-19,2022-04-19
87,Bournemouth,ENG,2,1622.61303711,2022-04-20,2022-04-21
86,Bournemouth,ENG,2,1622.61303711,2022-04-22,2022-04-23
86,Bournemouth,ENG,2,1622.68859863,2022-04-24,2022-04-24
87,Bournemouth,ENG,2,1622.68859863,2022-04-25,2022-04-26
87,Bournemouth,ENG,2,1622.30664062,2022-04-27,2022-04-27
88,Bournemouth,ENG,2,1623.06176758,2022-04-28,2022-04-28
91,Bournemouth,ENG,2,1619.70581055,2022-04-29,2022-04-29
92,Bournemouth,ENG,2,1619.70581055,2022-04-30,2022-04-30
84,Bournemouth,ENG,2,1631.40527344,2022-05-01,2022-05-03
77,Bournemouth,ENG,2,1638.95153809,2022-05-04,2022-05-04
81,Bournemouth,ENG,2,1634.16516113,2022-05-05,2022-05-05
86,Bournemouth,ENG,2,1628.38439941,2022-05-06,2022-05-06
87,Bournemouth,ENG,2,1628.38439941,2022-05-07,2022-05-07
85,Bournemouth,ENG,2,1633.41381836,2022-05-08,2022-05-08
86,Bournemouth,ENG,2,1633.41381836,2022-05-09,2022-05-11
87,Bournemouth,ENG,2,1633.41381836,2022-05-12,2022-05-12
86,Bournemouth,ENG,2,1633.41381836,2022-05-13,2022-05-13
87,Bournemouth,ENG,2,1633.41381836,2022-05-14,2022-05-14
85,Bournemouth,ENG,2,1633.41381836,2022-05-15,2022-05-15
84,Bournemouth,ENG,2,1633.41381836,2022-05-16,2022-05-17
85,Bournemouth,ENG,2,1633.41381836,2022-05-18,2022-05-25
86,Bournemouth,ENG,2,1633.41381836,2022-05-26,2022-05-26
85,Bournemouth,ENG,2,1633.41381836,2022-05-27,2022-05-28
90,Bournemouth,ENG,2,1630.3548584,2022-05-29,2022-05-29
89,Bournemouth,ENG,2,1630.3548584,2022-05-30,2022-06-02
90,Bournemouth,ENG,2,1630.3548584,2022-06-03,2022-06-05
89,Bournemouth,ENG,2,1630.3548584,2022-06-06,2022-07-01
89,Bournemouth,ENG,1,1630.3548584,2022-07-02,2022-07-20
88,Bournemouth,ENG,1,1630.3548584,2022-07-21,2022-07-21
89,Bournemouth,ENG,1,1630.3548584,2022-07-22,2022-07-24
90,Bournemouth,ENG,1,1630.3548584,2022-07-25,2022-07-27
88,Bournemouth,ENG,1,1630.3548584,2022-07-28,2022-07-28
87,Bournemouth,ENG,1,1630.3548584,2022-07-29,2022-07-31
86,Bournemouth,ENG,1,1630.3548584,2022-08-01,2022-08-06
78,Bournemouth,ENG,1,1643.97351074,2022-08-07,2022-08-07
79,Bournemouth,ENG,1,1643.97351074,2022-08-08,2022-08-11
80,Bournemouth,ENG,1,1643.97351074,2022-08-12,2022-08-13
81,Bournemouth,ENG,1,1642.08752441,2022-08-14,2022-08-17
80,Bournemouth,ENG,1,1642.08752441,2022-08-18,2022-08-18
79,Bournemouth,ENG,1,1642.35546875,2022-08-19,2022-08-20
83,Bournemouth,ENG,1,1635.45812988,2022-08-21,2022-08-21
84,Bournemouth,ENG,1,1635.45812988,2022-08-22,2022-08-25
85,Bournemouth,ENG,1,1635.92431641,2022-08-26,2022-08-27
86,Bournemouth,ENG,1,1632.94055176,2022-08-28,2022-08-29
85,Bournemouth,ENG,1,1632.94055176,2022-08-30,2022-08-31
87,Bournemouth,ENG,1,1633.61328125,2022-09-01,2022-09-03
79,Bournemouth,ENG,1,1642.78112793,2022-09-04,2022-09-04
80,Bournemouth,ENG,1,1642.78112793,2022-09-05,2022-09-05
81,Bournemouth,ENG,1,1642.78112793,2022-09-06,2022-09-06
82,Bournemouth,ENG,1,1641.6262207,2022-09-07,2022-09-07
85,Bournemouth,ENG,1,1637.00061035,2022-09-08,2022-09-08
87,Bournemouth,ENG,1,1634.76953125,2022-09-09,2022-09-10
86,Bournemouth,ENG,1,1634.76953125,2022-09-11,2022-09-11
85,Bournemouth,ENG,1,1634.76953125,2022-09-12,2022-09-12
84,Bournemouth,ENG,1,1634.76953125,2022-09-13,2022-09-13
84,Bournemouth,ENG,1,1632.0715332,2022-09-14,2022-09-14
84,Bournemouth,ENG,1,1631.36083984,2022-09-15,2022-09-15
80,Bournemouth,ENG,1,1633.43676758,2022-09-16,2022-09-16
79,Bournemouth,ENG,1,1633.43676758,2022-09-17,2022-09-17
79,Bournemouth,ENG,1,1638.12988281,2022-09-18,2022-09-18
75,Bournemouth,ENG,1,1638.12988281,2022-09-19,2022-10-01
75,Bournemouth,ENG,1,1638.9251709,2022-10-02,2022-10-02
76,Bournemouth,ENG,1,1638.9251709,2022-10-03,2022-10-04
75,Bournemouth,ENG,1,1639.12646484,2022-10-05,2022-10-05
75,Bournemouth,ENG,1,1642.68457031,2022-10-06,2022-10-06
74,Bournemouth,ENG,1,1645.45275879,2022-10-07,2022-10-08
72,Bournemouth,ENG,1,1654.40600586,2022-10-09,2022-10-09
71,Bournemouth,ENG,1,1654.40600586,2022-10-10,2022-10-11
71,Bournemouth,ENG,1,1655.60083008,2022-10-12,2022-10-12
71,Bournemouth,ENG,1,1658.76379395,2022-10-13,2022-10-13
70,Bournemouth,ENG,1,1660.484375,2022-10-14,2022-10-15
69,Bournemouth,ENG,1,1662.01916504,2022-10-16,2022-10-16
68,Bournemouth,ENG,1,1662.01916504,2022-10-17,2022-10-19
73,Bournemouth,ENG,1,1652.81518555,2022-10-20,2022-10-20
73,Bournemouth,ENG,1,1653.68811035,2022-10-21,2022-10-23
72,Bournemouth,ENG,1,1653.68811035,2022-10-24,2022-10-24
74,Bournemouth,ENG,1,1648.33398438,2022-10-25,2022-10-25
73,Bournemouth,ENG,1,1648.60974121,2022-10-26,2022-10-26
72,Bournemouth,ENG,1,1650.03344727,2022-10-27,2022-10-27
73,Bournemouth,ENG,1,1646.27392578,2022-10-28,2022-10-29
77,Bournemouth,ENG,1,1641.98156738,2022-10-30,2022-10-30
76,Bournemouth,ENG,1,1641.98156738,2022-10-31,2022-11-01
75,Bournemouth,ENG,1,1645.70581055,2022-11-02,2022-11-02
75,Bournemouth,ENG,1,1646.94934082,2022-11-03,2022-11-03
70,Bournemouth,ENG,1,1650.30419922,2022-11-04,2022-11-05
73,Bournemouth,ENG,1,1645.14819336,2022-11-06,2022-11-06
72,Bournemouth,ENG,1,1645.14819336,2022-11-07,2022-11-12
67,Bournemouth,ENG,1,1659.93737793,2022-11-13,2022-12-27
68,Bournemouth,ENG,1,1656.27270508,2022-12-28,2022-12-31
71,Bournemouth,ENG,1,1646.67077637,2023-01-01,2023-01-03
73,Bournemouth,ENG,1,1641.84997559,2023-01-04,2023-01-11
74,Bournemouth,ENG,1,1641.84997559,2023-01-12,2023-01-13
75,Bournemouth,ENG,1,1641.84997559,2023-01-14,2023-01-14
79,Bournemouth,ENG,1,1636.02441406,2023-01-15,2023-01-21
77,Bournemouth,ENG,1,1635.51208496,2023-01-22,2023-01-27
76,Bournemouth,ENG,1,1635.51208496,2023-01-28,2023-01-28
78,Bournemouth,ENG,1,1635.51208496,2023-01-29,2023-01-29
80,Bournemouth,ENG,1,1635.51208496,2023-01-30,2023-01-30
81,Bournemouth,ENG,1,1635.51208496,2023-01-31,2023-02-04
83,Bournemouth,ENG,1,1632.42712402,2023-02-05,2023-02-05
85,Bournemouth,ENG,1,1632.42712402,2023-02-06,2023-02-10
84,Bournemouth,ENG,1,1632.42712402,2023-02-11,2023-02-11
78,Bournemouth,ENG,1,1637.09594727,2023-02-12,2023-02-12
79,Bournemouth,ENG,1,1637.09594727,2023-02-13,2023-02-14
80,Bournemouth,ENG,1,1635.74719238,2023-02-15,2023-02-15
80,Bournemouth,ENG,1,1634.45361328,2023-02-16,2023-02-16
83,Bournemouth,ENG,1,1635.07336426,2023-02-17,2023-02-18
72,Bournemouth,ENG,1,1646.69775391,2023-02-19,2023-02-21
78,Bournemouth,ENG,1,1642.22131348,2023-02-22,2023-02-22
78,Bournemouth,ENG,1,1642.28588867,2023-02-23,2023-02-23
76,Bournemouth,ENG,1,1645.21447754,2023-02-24,2023-02-25
79,Bournemouth,ENG,1,1642.19970703,2023-02-26,2023-02-26
81,Bournemouth,ENG,1,1642.19970703,2023-02-27,2023-02-28
80,Bournemouth,ENG,1,1642.19970703,2023-03-01,2023-03-04
82,Bournemouth,ENG,1,1640.49987793,2023-03-05,2023-03-07
79,Bournemouth,ENG,1,1644.94665527,2023-03-08,2023-03-08
79,Bournemouth,ENG,1,1642.5189209,2023-03-09,2023-03-09
79,Bournemouth,ENG,1,1645.57971191,2023-03-10,2023-03-11
67,Bournemouth,ENG,1,1659.49914551,2023-03-12,2023-03-12
70,Bournemouth,ENG,1,1659.49914551,2023-03-13,2023-03-14
68,Bournemouth,ENG,1,1662.37841797,2023-03-15,2023-03-15
68,Bournemouth,ENG,1,1660.70043945,2023-03-16,2023-03-16
69,Bournemouth,ENG,1,1660.16650391,2023-03-17,2023-03-18
72,Bournemouth,ENG,1,1652.8671875,2023-03-19,2023-03-19
71,Bournemouth,ENG,1,1652.8671875,2023-03-20,2023-04-01
68,Bournemouth,ENG,1,1661.44372559,2023-04-02,2023-04-02
70,Bournemouth,ENG,1,1661.44372559,2023-04-03,2023-04-04
72,Bournemouth,ENG,1,1653.85791016,2023-04-05,2023-04-08
68,Bournemouth,ENG,1,1665.1151123,2023-04-09,2023-04-09
67,Bournemouth,ENG,1,1665.1151123,2023-04-10,2023-04-11
67,Bournemouth,ENG,1,1667.89440918,2023-04-12,2023-04-12
67,Bournemouth,ENG,1,1666.04821777,2023-04-13,2023-04-13
67,Bournemouth,ENG,1,1665.27624512,2023-04-14,2023-04-15
64,Bournemouth,ENG,1,1678.79663086,2023-04-16,2023-04-16
63,Bournemouth,ENG,1,1678.79663086,2023-04-17,2023-04-17
62,Bournemouth,ENG,1,1678.79663086,2023-04-18,2023-04-18
63,Bournemouth,ENG,1,1676.85632324,2023-04-19,2023-04-19
62,Bournemouth,ENG,1,1677.58654785,2023-04-20,2023-04-20
64,Bournemouth,ENG,1,1672.12036133,2023-04-21,2023-04-22
66,Bournemouth,ENG,1,1672.12036133,2023-04-23,2023-04-23
70,Bournemouth,ENG,1,1657.99035645,2023-04-24,2023-04-25
71,Bournemouth,ENG,1,1657.99035645,2023-04-26,2023-04-27
66,Bournemouth,ENG,1,1666.9675293,2023-04-28,2023-04-28
65,Bournemouth,ENG,1,1666.9675293,2023-04-29,2023-04-30
60,Bournemouth,ENG,1,1678.9954834,2023-05-01,2023-05-03
61,Bournemouth,ENG,1,1678.9954834,2023-05-04,2023-05-04
63,Bournemouth,ENG,1,1678.9954834,2023-05-05,2023-05-06
65,Bournemouth,ENG,1,1669.49267578,2023-05-07,2023-05-08
66,Bournemouth,ENG,1,1669.49267578,2023-05-09,2023-05-09
66,Bournemouth,ENG,1,1669.61413574,2023-05-10,2023-05-11
66,Bournemouth,ENG,1,1670.30334473,2023-05-12,2023-05-13
69,Bournemouth,ENG,1,1663.01660156,2023-05-14,2023-05-14
71,Bournemouth,ENG,1,1663.01660156,2023-05-15,2023-05-17
69,Bournemouth,ENG,1,1665.6842041,2023-05-18,2023-05-18
68,Bournemouth,ENG,1,1667.68994141,2023-05-19,2023-05-19
67,Bournemouth,ENG,1,1667.68994141,2023-05-20,2023-05-20
71,Bournemouth,ENG,1,1662.98962402,2023-05-21,2023-05-21
72,Bournemouth,ENG,1,1662.98962402,2023-05-22,2023-05-27
71,Bournemouth,ENG,1,1662.98962402,2023-05-28,2023-05-28
71,Bournemouth,ENG,1,1657.08825684,2023-05-29,2023-06-02
70,Bournemouth,ENG,1,1657.08825684,2023-06-03,2023-06-03
69,Bournemouth,ENG,1,1657.08825684,2023-06-04,2023-06-04
68,Bournemouth,ENG,1,1657.08825684,2023-06-05,2023-06-07
66,Bournemouth,ENG,1,1659.49084473,2023-06-08,2023-06-10
66,Bournemouth,ENG,1,1660.63806152,2023-06-11,2023-07-28
67,Bournemouth,ENG,1,1660.63806152,2023-07-29,2023-08-02
66,Bournemouth,ENG,1,1660.63806152,2023-08-03,2023-08-03
67,Bournemouth,ENG,1,1660.63806152,2023-08-04,2023-08-10
68,Bournemouth,ENG,1,1660.63806152,2023-08-11,2023-08-12
67,Bournemouth,ENG,1,1662.53674316,2023-08-13,2023-08-13
68,Bournemouth,ENG,1,1662.53674316,2023-08-14,2023-08-17
69,Bournemouth,ENG,1,1662.53674316,2023-08-18,2023-08-19
70,Bournemouth,ENG,1,1660.14099121,2023-08-20,2023-08-23
71,Bournemouth,ENG,1,1660.29089355,2023-08-24,2023-08-24
69,Bournemouth,ENG,1,1660.29089355,2023-08-25,2023-08-26
74,Bournemouth,ENG,1,1653.16552734,2023-08-27,2023-08-30
73,Bournemouth,ENG,1,1653.16552734,2023-08-31,2023-08-31
73,Bournemouth,ENG,1,1653.25842285,2023-09-01,2023-09-02
68,Bournemouth,ENG,1,1659.00854492,2023-09-03,2023-09-03
70,Bournemouth,ENG,1,1659.00854492,2023-09-04,2023-09-16
73,Bournemouth,ENG,1,1659.00854492,2023-09-17,2023-09-17
69,Bournemouth,ENG,1,1660.90026855,2023-09-18,2023-09-19
69,Bournemouth,ENG,1,1661.48571777,2023-09-20,2023-09-20
68,Bournemouth,ENG,1,1662.0369873,2023-09-21,2023-09-21
69,Bournemouth,ENG,1,1653.48876953,2023-09-22,2023-09-23
70,Bournemouth,ENG,1,1653.48876953,2023-09-24,2023-09-24
74,Bournemouth,ENG,1,1649.24035645,2023-09-25,2023-09-27
73,Bournemouth,ENG,1,1649.24035645,2023-09-28,2023-09-30
76,Bournemouth,ENG,1,1643.38586426,2023-10-01,2023-10-03
85,Bournemouth,ENG,1,1635.73840332,2023-10-04,2023-10-04
79,Bournemouth,ENG,1,1640.55908203,2023-10-05,2023-10-05
81,Bournemouth,ENG,1,1643.37792969,2023-10-06,2023-10-07
86,Bournemouth,ENG,1,1633.01220703,2023-10-08,2023-10-08
87,Bournemouth,ENG,1,1633.01220703,2023-10-09,2023-10-09
86,Bournemouth,ENG,1,1633.01220703,2023-10-10,2023-10-14
87,Bournemouth,ENG,1,1633.01220703,2023-10-15,2023-10-20
86,Bournemouth,ENG,1,1633.01220703,2023-10-21,2023-10-21
90,Bournemouth,ENG,1,1625.75708008,2023-10-22,2023-10-24
88,Bournemouth,ENG,1,1628.13757324,2023-10-25,2023-10-25
90,Bournemouth,ENG,1,1625.21496582,2023-10-26,2023-10-26
91,Bournemouth,ENG,1,1626.58178711,2023-10-27,2023-10-28
83,Bournemouth,ENG,1,1634.68078613,2023-10-29,2023-11-03
82,Bournemouth,ENG,1,1634.68078613,2023-11-04,2023-11-04
86,Bournemouth,ENG,1,1633.11083984,2023-11-05,2023-11-07
86,Bournemouth,ENG,1,1630.25683594,2023-11-08,2023-11-08
88,Bournemouth,ENG,1,1627.92419434,2023-11-09,2023-11-09
90,Bournemouth,ENG,1,1627.65527344,2023-11-10,2023-11-10
89,Bournemouth,ENG,1,1627.65527344,2023-11-11,2023-11-11
77,Bournemouth,ENG,1,1646.08581543,2023-11-12,2023-11-12
76,Bournemouth,ENG,1,1646.08581543,2023-11-13,2023-11-24
75,Bournemouth,ENG,1,1646.08581543,2023-11-25,2023-11-25
70,Bournemouth,ENG,1,1657.9979248,2023-11-26,2023-11-28
70,Bournemouth,ENG,1,1659.32592773,2023-11-29,2023-11-29
69,Bournemouth,ENG,1,1660.76818848,2023-11-30,2023-11-30
68,Bournemouth,ENG,1,1663.03540039,2023-12-01,2023-12-02
67,Bournemouth,ENG,1,1663.03540039,2023-12-03,2023-12-03
64,Bournemouth,ENG,1,1666.93713379,2023-12-04,2023-12-06
58,Bournemouth,ENG,1,1682.85522461,2023-12-07,2023-12-08
59,Bournemouth,ENG,1,1682.85522461,2023-12-09,2023-12-09
54,Bournemouth,ENG,1,1705.47961426,2023-12-10,2023-12-12
53,Bournemouth,ENG,1,1703.19921875,2023-12-13,2023-12-13
53,Bournemouth,ENG,1,1700.15612793,2023-12-14,2023-12-14
54,Bournemouth,ENG,1,1697.171875,2023-12-15,2023-12-17
55,Bournemouth,ENG,1,1697.171875,2023-12-18,2023-12-23
51,Bournemouth,ENG,1,1705.47802734,2023-12-24,2023-12-24
52,Bournemouth,ENG,1,1705.47802734,2023-12-25,2023-12-26
47,Bournemouth,ENG,1,1717.39782715,2023-12-27,2023-12-30
48,Bournemouth,ENG,1,1717.39782715,2023-12-31,2023-12-31
51,Bournemouth,ENG,1,1711.87463379,2024-01-01,2024-01-02
50,Bournemouth,ENG,1,1711.87463379,2024-01-03,2024-01-21
53,Bournemouth,ENG,1,1704.14782715,2024-01-22,2024-01-27
55,Bournemouth,ENG,1,1704.14782715,2024-01-28,2024-02-01
52,Bournemouth,ENG,1,1708.40380859,2024-02-02,2024-02-04
53,Bournemouth,ENG,1,1705.50512695,2024-02-05,2024-02-10
57,Bournemouth,ENG,1,1696.40454102,2024-02-11,2024-02-13
57,Bournemouth,ENG,1,1696.5793457,2024-02-14,2024-02-14
56,Bournemouth,ENG,1,1696.5793457,2024-02-15,2024-02-15
55,Bournemouth,ENG,1,1696.5793457,2024-02-16,2024-02-16
54,Bournemouth,ENG,1,1696.5793457,2024-02-17,2024-02-17
52,Bournemouth,ENG,1,1701.05554199,2024-02-18,2024-02-18
51,Bournemouth,ENG,1,1701.05554199,2024-02-19,2024-02-19
52,Bournemouth,ENG,1,1701.05554199,2024-02-20,2024-02-21
52,Bournemouth,ENG,1,1699.76098633,2024-02-22,2024-02-23
53,Bournemouth,ENG,1,1699.76098633,2024-02-24,2024-02-24
53,Bournemouth,ENG,1,1697.78271484,2024-02-25,2024-02-25
54,Bournemouth,ENG,1,1697.78271484,2024-02-26,2024-03-03
48,Bournemouth,ENG,1,1708.18408203,2024-03-04,2024-03-06
48,Bournemouth,ENG,1,1708.3482666,2024-03-07,2024-03-07
52,Bournemouth,ENG,1,1703.56652832,2024-03-08,2024-03-08
53,Bournemouth,ENG,1,1703.56652832,2024-03-09,2024-03-09
55,Bournemouth,ENG,1,1698.76123047,2024-03-10,2024-03-12
57,Bournemouth,ENG,1,1697.75305176,2024-03-13,2024-03-13
52,Bournemouth,ENG,1,1702.49499512,2024-03-14,2024-03-14
46,Bournemouth,ENG,1,1709.9432373,2024-03-15,2024-03-16
47,Bournemouth,ENG,1,1709.9432373,2024-03-17,2024-03-30
47,Bournemouth,ENG,1,1716.77783203,2024-03-31,2024-04-01
46,Bournemouth,ENG,1,1716.77783203,2024-04-02,2024-04-02
45,Bournemouth,ENG,1,1723.32519531,2024-04-03,2024-04-06
47,Bournemouth,ENG,1,1713.69262695,2024-04-07,2024-04-07
46,Bournemouth,ENG,1,1713.69262695,2024-04-08,2024-04-09
46,Bournemouth,ENG,1,1713.1451416,2024-04-10,2024-04-11
49,Bournemouth,ENG,1,1705.48718262,2024-04-12,2024-04-13
47,Bournemouth,ENG,1,1706.71520996,2024-04-14,2024-04-15
49,Bournemouth,ENG,1,1706.71520996,2024-04-16,2024-04-16
48,Bournemouth,ENG,1,1706.71520996,2024-04-17,2024-04-17
51,Bournemouth,ENG,1,1702.4296875,2024-04-18,2024-04-18
53,Bournemouth,ENG,1,1700.25756836,2024-04-19,2024-04-19
54,Bournemouth,ENG,1,1700.25756836,2024-04-20,2024-04-20
53,Bournemouth,ENG,1,1700.25756836,2024-04-21,2024-04-21
56,Bournemouth,ENG,1,1695.0333252,2024-04-22,2024-04-24
51,Bournemouth,ENG,1,1704.7902832,2024-04-25,2024-04-27
52,Bournemouth,ENG,1,1704.7902832,2024-04-28,2024-04-28
48,Bournemouth,ENG,1,1717.83862305,2024-04-29,2024-05-02
49,Bournemouth,ENG,1,1712.58862305,2024-05-03,2024-05-03
48,Bournemouth,ENG,1,1712.58862305,2024-05-04,2024-05-04
50,Bournemouth,ENG,1,1708.70361328,2024-05-05,2024-05-06
51,Bournemouth,ENG,1,1708.70361328,2024-05-07,2024-05-07
49,Bournemouth,ENG,1,1708.70361328,2024-05-08,2024-05-08
50,Bournemouth,ENG,1,1708.70361328,2024-05-09,2024-05-09
50,Bournemouth,ENG,1,1704.37463379,2024-05-10,2024-05-10
51,Bournemouth,ENG,1,1704.37463379,2024-05-11,2024-05-11
56,Bournemouth,ENG,1,1695.06079102,2024-05-12,2024-05-18
57,Bournemouth,ENG,1,1695.06079102,2024-05-19,2024-05-19
59,Bournemouth,ENG,1,1691.1027832,2024-05-20,2024-05-24
60,Bournemouth,ENG,1,1691.1027832,2024-05-25,2024-06-02
60,Bournemouth,ENG,1,1691.1027832,2024-06-03,2024-12-31


