Rank,Club,Country,Level,Elo,From,To
None,Ingolstadt,FRG,2,1324.70935059,1963-07-03,1963-08-04
None,Ingolstadt,FRG,2,1321.72363281,1963-08-05,1963-08-11
None,Ingolstadt,FRG,2,1314.93200684,1963-08-12,1963-08-18
None,Ingolstadt,FRG,2,1305.58435059,1963-08-19,1963-08-25
None,Ingolstadt,FRG,2,1302.4354248,1963-08-26,1963-09-01
None,Ingolstadt,FRG,2,1294.38684082,1963-09-02,1963-09-08
None,Ingolstadt,FRG,2,1285.4699707,1963-09-09,1963-09-11
None,Ingolstadt,FRG,2,1285.71984863,1963-09-12,1963-09-15
None,Ingolstadt,FRG,2,1295.65734863,1963-09-16,1963-09-22
None,Ingolstadt,FRG,2,1289.2520752,1963-09-23,1963-09-25
None,Ingolstadt,FRG,2,1289.28417969,1963-09-26,1963-09-29
None,Ingolstadt,FRG,2,1286.82666016,1963-09-30,1963-10-02
None,Ingolstadt,FRG,2,1286.86083984,1963-10-03,1963-10-06
None,Ingolstadt,FRG,2,1292.88244629,1963-10-07,1963-10-13
None,Ingolstadt,FRG,2,1300.99597168,1963-10-14,1963-10-20
None,Ingolstadt,FRG,2,1297.12841797,1963-10-21,1963-10-27
None,Ingolstadt,FRG,2,1307.8458252,1963-10-28,1963-11-03
None,Ingolstadt,FRG,2,1303.06359863,1963-11-04,1963-11-06
None,Ingolstadt,FRG,2,1306.05004883,1963-11-07,1963-11-10
None,Ingolstadt,FRG,2,1303.18151855,1963-11-11,1963-11-17
None,Ingolstadt,FRG,2,1300.9888916,1963-11-18,1963-11-20
None,Ingolstadt,FRG,2,1308.2701416,1963-11-21,1963-11-24
None,Ingolstadt,FRG,2,1309.10693359,1963-11-25,1963-12-01
None,Ingolstadt,FRG,2,1324.78149414,1963-12-02,1963-12-04
None,Ingolstadt,FRG,2,1350.9786377,1963-12-05,1963-12-08
None,Ingolstadt,FRG,2,1360.03503418,1963-12-09,1963-12-11
None,Ingolstadt,FRG,2,1352.97973633,1963-12-12,1963-12-15
None,Ingolstadt,FRG,2,1362.66259766,1963-12-16,1963-12-18
None,Ingolstadt,FRG,2,1376.46728516,1963-12-19,1963-12-22
None,Ingolstadt,FRG,2,1383.5625,1963-12-23,1963-12-29
None,Ingolstadt,FRG,2,1389.23608398,1963-12-30,1964-01-05
None,Ingolstadt,FRG,2,1398.51367188,1964-01-06,1964-01-12
None,Ingolstadt,FRG,2,1403.00012207,1964-01-13,1964-01-19
None,Ingolstadt,FRG,2,1407.58435059,1964-01-20,1964-01-26
None,Ingolstadt,FRG,2,1397.37744141,1964-01-27,1964-02-02
None,Ingolstadt,FRG,2,1399.47827148,1964-02-03,1964-02-09
None,Ingolstadt,FRG,2,1408.07617188,1964-02-10,1964-02-16
None,Ingolstadt,FRG,2,1408.21386719,1964-02-17,1964-02-23
None,Ingolstadt,FRG,2,1402.93994141,1964-02-24,1964-03-01
None,Ingolstadt,FRG,2,1393.1418457,1964-03-02,1964-03-04
None,Ingolstadt,FRG,2,1401.61108398,1964-03-05,1964-03-08
None,Ingolstadt,FRG,2,1412.56201172,1964-03-09,1964-03-15
None,Ingolstadt,FRG,2,1418.43347168,1964-03-16,1964-03-18
None,Ingolstadt,FRG,2,1402.17114258,1964-03-19,1964-03-22
None,Ingolstadt,FRG,2,1390.69567871,1964-03-23,1964-03-29
None,Ingolstadt,FRG,2,1393.87719727,1964-03-30,1964-04-05
None,Ingolstadt,FRG,2,1389.43212891,1964-04-06,1964-04-12
None,Ingolstadt,FRG,2,1386.28393555,1964-04-13,1964-04-15
None,Ingolstadt,FRG,2,1383.91015625,1964-04-16,1964-04-19
None,Ingolstadt,FRG,2,1376.23425293,1964-04-20,1964-04-29
None,Ingolstadt,FRG,2,1374.15881348,1964-04-30,1964-08-02
None,Ingolstadt,FRG,2,1361.29956055,1964-08-03,1964-08-09
None,Ingolstadt,FRG,2,1354.17175293,1964-08-10,1964-08-16
None,Ingolstadt,FRG,2,1351.7845459,1964-08-17,1964-08-30
None,Ingolstadt,FRG,2,1363.4798584,1964-08-31,1964-09-02
None,Ingolstadt,FRG,2,1363.55395508,1964-09-03,1964-09-06
None,Ingolstadt,FRG,2,1371.6171875,1964-09-07,1964-09-09
None,Ingolstadt,FRG,2,1371.69104004,1964-09-10,1964-09-13
None,Ingolstadt,FRG,2,1367.23303223,1964-09-14,1964-09-20
None,Ingolstadt,FRG,2,1379.37219238,1964-09-21,1964-09-23
None,Ingolstadt,FRG,2,1379.57824707,1964-09-24,1964-09-27
None,Ingolstadt,FRG,2,1387.2434082,1964-09-28,1964-10-04
None,Ingolstadt,FRG,2,1392.32348633,1964-10-05,1964-10-11
None,Ingolstadt,FRG,2,1402.32226562,1964-10-12,1964-10-18
None,Ingolstadt,FRG,2,1397.34594727,1964-10-19,1964-10-25
None,Ingolstadt,FRG,2,1405.33740234,1964-10-26,1964-11-01
None,Ingolstadt,FRG,2,1419.2253418,1964-11-02,1964-11-08
None,Ingolstadt,FRG,2,1424.39038086,1964-11-09,1964-11-11
None,Ingolstadt,FRG,2,1424.64123535,1964-11-12,1964-11-15
None,Ingolstadt,FRG,2,1418.86450195,1964-11-16,1964-11-22
None,Ingolstadt,FRG,2,1403.75927734,1964-11-23,1964-11-25
None,Ingolstadt,FRG,2,1403.9934082,1964-11-26,1964-11-29
None,Ingolstadt,FRG,2,1407.39953613,1964-11-30,1964-12-02
None,Ingolstadt,FRG,2,1415.35253906,1964-12-03,1964-12-06
None,Ingolstadt,FRG,2,1421.5222168,1964-12-07,1964-12-13
None,Ingolstadt,FRG,2,1411.80578613,1964-12-14,1964-12-16
None,Ingolstadt,FRG,2,1411.10791016,1964-12-17,1964-12-20
None,Ingolstadt,FRG,2,1405.17773438,1964-12-21,1964-12-27
None,Ingolstadt,FRG,2,1405.93481445,1964-12-28,1965-01-10
None,Ingolstadt,FRG,2,1410.34765625,1965-01-11,1965-01-17
None,Ingolstadt,FRG,2,1405.53625488,1965-01-18,1965-01-24
None,Ingolstadt,FRG,2,1403.7166748,1965-01-25,1965-01-31
None,Ingolstadt,FRG,2,1401.4765625,1965-02-01,1965-02-07
None,Ingolstadt,FRG,2,1404.27331543,1965-02-08,1965-02-10
None,Ingolstadt,FRG,2,1399.2746582,1965-02-11,1965-02-14
None,Ingolstadt,FRG,2,1406.25427246,1965-02-15,1965-02-21
None,Ingolstadt,FRG,2,1418.55187988,1965-02-22,1965-02-28
None,Ingolstadt,FRG,2,1418.05566406,1965-03-01,1965-03-03
None,Ingolstadt,FRG,2,1419.03222656,1965-03-04,1965-03-07
None,Ingolstadt,FRG,2,1415.23681641,1965-03-08,1965-03-14
None,Ingolstadt,FRG,2,1420.12329102,1965-03-15,1965-03-17
None,Ingolstadt,FRG,2,1425.08422852,1965-03-18,1965-03-21
None,Ingolstadt,FRG,2,1418.81542969,1965-03-22,1965-03-24
None,Ingolstadt,FRG,2,1418.66015625,1965-03-25,1965-03-28
None,Ingolstadt,FRG,2,1417.05993652,1965-03-29,1965-04-04
None,Ingolstadt,FRG,2,1411.54772949,1965-04-05,1965-04-11
None,Ingolstadt,FRG,2,1397.41882324,1965-04-12,1965-04-18
None,Ingolstadt,FRG,2,1402.15637207,1965-04-19,1965-04-20
None,Ingolstadt,FRG,2,1398.49169922,1965-04-21,1965-04-27
None,Ingolstadt,FRG,2,1402.11315918,1965-04-28,1965-05-05
None,Ingolstadt,FRG,2,1414.83459473,1965-05-06,1965-05-19
None,Ingolstadt,FRG,2,1406.00915527,1965-05-20,1965-08-01
None,Ingolstadt,FRG,2,1414.31970215,1965-08-02,1965-08-08
None,Ingolstadt,FRG,2,1405.42089844,1965-08-09,1965-08-15
None,Ingolstadt,FRG,2,1413.96411133,1965-08-16,1965-08-22
None,Ingolstadt,FRG,2,1418.99938965,1965-08-23,1965-08-29
None,Ingolstadt,FRG,2,1426.41064453,1965-08-30,1965-09-05
None,Ingolstadt,FRG,2,1421.0279541,1965-09-06,1965-09-12
None,Ingolstadt,FRG,2,1427.94042969,1965-09-13,1965-09-19
None,Ingolstadt,FRG,2,1421.86950684,1965-09-20,1965-09-26
None,Ingolstadt,FRG,2,1415.95092773,1965-09-27,1965-09-29
None,Ingolstadt,FRG,2,1415.96838379,1965-09-30,1965-10-03
None,Ingolstadt,FRG,2,1410.43579102,1965-10-04,1965-10-06
None,Ingolstadt,FRG,2,1410.44995117,1965-10-07,1965-10-10
None,Ingolstadt,FRG,2,1418.51306152,1965-10-11,1965-10-13
None,Ingolstadt,FRG,2,1418.5345459,1965-10-14,1965-10-17
None,Ingolstadt,FRG,2,1413.21240234,1965-10-18,1965-10-24
None,Ingolstadt,FRG,2,1403.00646973,1965-10-25,1965-10-31
None,Ingolstadt,FRG,2,1415.19836426,1965-11-01,1965-11-07
None,Ingolstadt,FRG,2,1424.27575684,1965-11-08,1965-11-09
None,Ingolstadt,FRG,2,1415.42907715,1965-11-10,1965-11-10
None,Ingolstadt,FRG,2,1416.66589355,1965-11-11,1965-11-14
None,Ingolstadt,FRG,2,1410.82775879,1965-11-15,1965-11-17
None,Ingolstadt,FRG,2,1403.85644531,1965-11-18,1965-11-21
None,Ingolstadt,FRG,2,1394.9609375,1965-11-22,1965-11-24
None,Ingolstadt,FRG,2,1394.78295898,1965-11-25,1965-11-28
None,Ingolstadt,FRG,2,1397.94104004,1965-11-29,1965-12-05
None,Ingolstadt,FRG,2,1393.89916992,1965-12-06,1965-12-12
None,Ingolstadt,FRG,2,1389.13903809,1965-12-13,1965-12-19
None,Ingolstadt,FRG,2,1388.1015625,1965-12-20,1965-12-26
None,Ingolstadt,FRG,2,1379.0579834,1965-12-27,1966-01-02
None,Ingolstadt,FRG,2,1387.33032227,1966-01-03,1966-01-09
None,Ingolstadt,FRG,2,1393.34985352,1966-01-10,1966-01-16
None,Ingolstadt,FRG,2,1400.25964355,1966-01-17,1966-01-23
None,Ingolstadt,FRG,2,1396.57617188,1966-01-24,1966-01-30
None,Ingolstadt,FRG,2,1400.77709961,1966-01-31,1966-02-06
None,Ingolstadt,FRG,2,1403.32751465,1966-02-07,1966-02-13
None,Ingolstadt,FRG,2,1393.3885498,1966-02-14,1966-02-16
None,Ingolstadt,FRG,2,1398.79846191,1966-02-17,1966-02-20
None,Ingolstadt,FRG,2,1390.88696289,1966-02-21,1966-02-27
None,Ingolstadt,FRG,2,1376.87121582,1966-02-28,1966-03-01
None,Ingolstadt,FRG,2,1379.57312012,1966-03-02,1966-03-06
None,Ingolstadt,FRG,2,1372.49768066,1966-03-07,1966-03-13
None,Ingolstadt,FRG,2,1371.36914062,1966-03-14,1966-03-20
None,Ingolstadt,FRG,2,1394.66235352,1966-03-21,1966-04-05
None,Ingolstadt,FRG,2,1400.04443359,1966-04-06,1966-04-19
None,Ingolstadt,FRG,2,1400.75952148,1966-04-20,1966-05-05
None,Ingolstadt,FRG,2,1407.2322998,1966-05-06,1966-07-02
None,Ingolstadt,FRG,2,1341.11633301,1968-01-19,1968-01-19
None,Ingolstadt,FRG,2,1339.72937012,1968-01-20,1968-01-31
None,Ingolstadt,FRG,2,1341.26782227,1968-02-01,1968-02-14
None,Ingolstadt,FRG,2,1344.89282227,1968-02-15,1968-02-21
None,Ingolstadt,FRG,2,1346.53234863,1968-02-22,1968-02-28
None,Ingolstadt,FRG,2,1345.0300293,1968-02-29,1968-03-13
None,Ingolstadt,FRG,2,1338.94995117,1968-03-14,1968-03-20
None,Ingolstadt,FRG,2,1337.50341797,1968-03-21,1968-04-24
None,Ingolstadt,FRG,2,1331.50024414,1968-04-25,1968-05-01
None,Ingolstadt,FRG,2,1336.47399902,1968-05-02,1968-05-08
None,Ingolstadt,FRG,2,1333.30297852,1968-05-09,1968-05-23
None,Ingolstadt,FRG,2,1329.55944824,1968-05-24,1968-08-04
None,Ingolstadt,FRG,2,1315.98925781,1968-08-05,1968-08-11
None,Ingolstadt,FRG,2,1328.99511719,1968-08-12,1968-08-18
None,Ingolstadt,FRG,2,1323.37658691,1968-08-19,1968-08-25
None,Ingolstadt,FRG,2,1334.90930176,1968-08-26,1968-09-01
None,Ingolstadt,FRG,2,1331.57995605,1968-09-02,1968-09-08
None,Ingolstadt,FRG,2,1325.9942627,1968-09-09,1968-09-15
None,Ingolstadt,FRG,2,1327.12133789,1968-09-16,1968-09-18
None,Ingolstadt,FRG,2,1320.23608398,1968-09-19,1968-09-22
None,Ingolstadt,FRG,2,1313.82019043,1968-09-23,1968-09-29
None,Ingolstadt,FRG,2,1324.57141113,1968-09-30,1968-10-02
None,Ingolstadt,FRG,2,1316.48132324,1968-10-03,1968-10-06
None,Ingolstadt,FRG,2,1323.52954102,1968-10-07,1968-10-13
None,Ingolstadt,FRG,2,1333.49279785,1968-10-14,1968-10-20
None,Ingolstadt,FRG,2,1345.09033203,1968-10-21,1968-10-27
None,Ingolstadt,FRG,2,1345.2142334,1968-10-28,1968-11-03
None,Ingolstadt,FRG,2,1340.17871094,1968-11-04,1968-11-10
None,Ingolstadt,FRG,2,1346.78112793,1968-11-11,1968-11-12
None,Ingolstadt,FRG,2,1349.6932373,1968-11-13,1968-11-17
None,Ingolstadt,FRG,2,1355.88952637,1968-11-18,1968-11-24
None,Ingolstadt,FRG,2,1365.10009766,1968-11-25,1968-11-27
None,Ingolstadt,FRG,2,1366.21679688,1968-11-28,1968-12-01
None,Ingolstadt,FRG,2,1374.13708496,1968-12-02,1968-12-08
None,Ingolstadt,FRG,2,1372.50793457,1968-12-09,1968-12-15
None,Ingolstadt,FRG,2,1359.60766602,1968-12-16,1968-12-22
None,Ingolstadt,FRG,2,1361.6217041,1968-12-23,1968-12-29
None,Ingolstadt,FRG,2,1372.89526367,1968-12-30,1969-01-05
None,Ingolstadt,FRG,2,1368.99279785,1969-01-06,1969-01-12
None,Ingolstadt,FRG,2,1374.06958008,1969-01-13,1969-01-26
None,Ingolstadt,FRG,2,1366.74975586,1969-01-27,1969-02-02
None,Ingolstadt,FRG,2,1369.546875,1969-02-03,1969-02-09
None,Ingolstadt,FRG,2,1375.40136719,1969-02-10,1969-02-16
None,Ingolstadt,FRG,2,1381.25524902,1969-02-17,1969-02-23
None,Ingolstadt,FRG,2,1376.36108398,1969-02-24,1969-03-02
None,Ingolstadt,FRG,2,1385.39355469,1969-03-03,1969-03-04
None,Ingolstadt,FRG,2,1384.26147461,1969-03-05,1969-03-09
None,Ingolstadt,FRG,2,1377.62841797,1969-03-10,1969-03-12
None,Ingolstadt,FRG,2,1379.296875,1969-03-13,1969-03-16
None,Ingolstadt,FRG,2,1391.10620117,1969-03-17,1969-03-23
None,Ingolstadt,FRG,2,1387.70446777,1969-03-24,1969-04-02
None,Ingolstadt,FRG,2,1383.87231445,1969-04-03,1969-04-19
None,Ingolstadt,FRG,2,1378.60900879,1969-04-20,1969-08-03
None,Ingolstadt,FRG,2,1387.10949707,1969-08-04,1969-08-10
None,Ingolstadt,FRG,2,1395.66540527,1969-08-11,1969-08-17
None,Ingolstadt,FRG,2,1389.35095215,1969-08-18,1969-08-24
None,Ingolstadt,FRG,2,1385.36901855,1969-08-25,1969-08-31
None,Ingolstadt,FRG,2,1380.29052734,1969-09-01,1969-09-07
None,Ingolstadt,FRG,2,1375.28527832,1969-09-08,1969-09-14
None,Ingolstadt,FRG,2,1373.54492188,1969-09-15,1969-09-17
None,Ingolstadt,FRG,2,1376.09118652,1969-09-18,1969-09-21
None,Ingolstadt,FRG,2,1373.01586914,1969-09-22,1969-09-28
None,Ingolstadt,FRG,2,1374.56103516,1969-09-29,1969-10-01
None,Ingolstadt,FRG,2,1362.00842285,1969-10-02,1969-10-05
None,Ingolstadt,FRG,2,1359.99987793,1969-10-06,1969-10-12
None,Ingolstadt,FRG,2,1363.26025391,1969-10-13,1969-10-19
None,Ingolstadt,FRG,2,1374.13378906,1969-10-20,1969-10-26
None,Ingolstadt,FRG,2,1369.0020752,1969-10-27,1969-11-02
None,Ingolstadt,FRG,2,1380.98876953,1969-11-03,1969-11-09
None,Ingolstadt,FRG,2,1386.71691895,1969-11-10,1969-11-12
None,Ingolstadt,FRG,2,1386.52453613,1969-11-13,1969-11-16
None,Ingolstadt,FRG,2,1391.09326172,1969-11-17,1969-11-23
None,Ingolstadt,FRG,2,1375.27880859,1969-11-24,1969-11-26
None,Ingolstadt,FRG,2,1376.04650879,1969-11-27,1969-11-30
None,Ingolstadt,FRG,2,1388.29650879,1969-12-01,1969-12-07
None,Ingolstadt,FRG,2,1394.81774902,1969-12-08,1969-12-14
None,Ingolstadt,FRG,2,1389.01281738,1969-12-15,1969-12-21
None,Ingolstadt,FRG,2,1383.91088867,1969-12-22,1969-12-28
None,Ingolstadt,FRG,2,1395.99072266,1969-12-29,1970-01-04
None,Ingolstadt,FRG,2,1394.29125977,1970-01-05,1970-01-11
None,Ingolstadt,FRG,2,1387.48181152,1970-01-12,1970-01-18
None,Ingolstadt,FRG,2,1376.60217285,1970-01-19,1970-01-25
None,Ingolstadt,FRG,2,1387.76855469,1970-01-26,1970-02-01
None,Ingolstadt,FRG,2,1371.05493164,1970-02-02,1970-02-08
None,Ingolstadt,FRG,2,1366.73120117,1970-02-09,1970-02-15
None,Ingolstadt,FRG,2,1368.82543945,1970-02-16,1970-02-22
None,Ingolstadt,FRG,2,1365.11437988,1970-02-23,1970-03-01
None,Ingolstadt,FRG,2,1370.03869629,1970-03-02,1970-03-04
None,Ingolstadt,FRG,2,1380.32458496,1970-03-05,1970-03-08
None,Ingolstadt,FRG,2,1382.65649414,1970-03-09,1970-03-15
None,Ingolstadt,FRG,2,1368.83984375,1970-03-16,1970-03-17
None,Ingolstadt,FRG,2,1368.70568848,1970-03-18,1970-03-22
None,Ingolstadt,FRG,2,1364.76379395,1970-03-23,1970-03-29
None,Ingolstadt,FRG,2,1352.44689941,1970-03-30,1970-04-01
None,Ingolstadt,FRG,2,1353.68115234,1970-04-02,1970-04-05
None,Ingolstadt,FRG,2,1358.71459961,1970-04-06,1970-04-12
None,Ingolstadt,FRG,2,1370.16906738,1970-04-13,1970-04-15
None,Ingolstadt,FRG,2,1354.63134766,1970-04-16,1970-04-19
None,Ingolstadt,FRG,2,1351.18347168,1970-04-20,1970-08-02
None,Ingolstadt,FRG,2,1347.81347656,1970-08-03,1970-08-09
None,Ingolstadt,FRG,2,1344.33569336,1970-08-10,1970-08-16
None,Ingolstadt,FRG,2,1356.39904785,1970-08-17,1970-08-23
None,Ingolstadt,FRG,2,1355.41589355,1970-08-24,1970-08-30
None,Ingolstadt,FRG,2,1359.52807617,1970-08-31,1970-09-06
None,Ingolstadt,FRG,2,1361.33178711,1970-09-07,1970-09-13
None,Ingolstadt,FRG,2,1367.91638184,1970-09-14,1970-09-16
None,Ingolstadt,FRG,2,1367.07714844,1970-09-17,1970-09-20
None,Ingolstadt,FRG,2,1373.17797852,1970-09-21,1970-09-22
None,Ingolstadt,FRG,2,1373.18676758,1970-09-23,1970-09-27
None,Ingolstadt,FRG,2,1372.12487793,1970-09-28,1970-09-30
None,Ingolstadt,FRG,2,1365.00280762,1970-10-01,1970-10-04
None,Ingolstadt,FRG,2,1356.88391113,1970-10-05,1970-10-11
None,Ingolstadt,FRG,2,1363.4720459,1970-10-12,1970-10-18
None,Ingolstadt,FRG,2,1372.40844727,1970-10-19,1970-10-21
None,Ingolstadt,FRG,2,1367.43579102,1970-10-22,1970-10-25
None,Ingolstadt,FRG,2,1374.17980957,1970-10-26,1970-11-04
None,Ingolstadt,FRG,2,1379.34936523,1970-11-05,1970-11-08
None,Ingolstadt,FRG,2,1380.2800293,1970-11-09,1970-11-15
None,Ingolstadt,FRG,2,1389.33190918,1970-11-16,1970-11-22
None,Ingolstadt,FRG,2,1382.86328125,1970-11-23,1970-11-29
None,Ingolstadt,FRG,2,1380.39282227,1970-11-30,1970-12-06
None,Ingolstadt,FRG,2,1400.41638184,1970-12-07,1970-12-13
None,Ingolstadt,FRG,2,1392.59790039,1970-12-14,1970-12-20
None,Ingolstadt,FRG,2,1380.52954102,1970-12-21,1970-12-27
None,Ingolstadt,FRG,2,1378.0546875,1970-12-28,1971-01-03
None,Ingolstadt,FRG,2,1396.64550781,1971-01-04,1971-01-10
None,Ingolstadt,FRG,2,1414.28942871,1971-01-11,1971-01-17
None,Ingolstadt,FRG,2,1409.1862793,1971-01-18,1971-01-24
None,Ingolstadt,FRG,2,1400.41894531,1971-01-25,1971-01-31
None,Ingolstadt,FRG,2,1410.03100586,1971-02-01,1971-02-07
None,Ingolstadt,FRG,2,1412.61242676,1971-02-08,1971-02-14
None,Ingolstadt,FRG,2,1405.17370605,1971-02-15,1971-02-21
None,Ingolstadt,FRG,2,1404.03503418,1971-02-22,1971-02-28
None,Ingolstadt,FRG,2,1400.38977051,1971-03-01,1971-03-07
None,Ingolstadt,FRG,2,1407.38647461,1971-03-08,1971-03-21
None,Ingolstadt,FRG,2,1410.87792969,1971-03-22,1971-03-28
None,Ingolstadt,FRG,2,1403.29772949,1971-03-29,1971-04-04
None,Ingolstadt,FRG,2,1408.0670166,1971-04-05,1971-04-11
None,Ingolstadt,FRG,2,1419.57885742,1971-04-12,1971-04-18
None,Ingolstadt,FRG,2,1391.85595703,1971-04-19,1971-08-01
None,Ingolstadt,FRG,2,1389.78857422,1971-08-02,1971-09-05
None,Ingolstadt,FRG,2,1386.28417969,1971-09-06,1971-09-12
None,Ingolstadt,FRG,2,1373.26928711,1971-09-13,1971-09-14
None,Ingolstadt,FRG,2,1373.65649414,1971-09-15,1971-09-15
None,Ingolstadt,FRG,2,1376.44152832,1971-09-16,1971-09-19
None,Ingolstadt,FRG,2,1370.984375,1971-09-20,1971-09-26
None,Ingolstadt,FRG,2,1363.89038086,1971-09-27,1971-09-28
None,Ingolstadt,FRG,2,1365.59606934,1971-09-29,1971-09-29
None,Ingolstadt,FRG,2,1352.21203613,1971-09-30,1971-10-03
None,Ingolstadt,FRG,2,1362.83825684,1971-10-04,1971-10-10
None,Ingolstadt,FRG,2,1348.9050293,1971-10-11,1971-10-17
None,Ingolstadt,FRG,2,1358.14172363,1971-10-18,1971-10-19
None,Ingolstadt,FRG,2,1356.6685791,1971-10-20,1971-10-20
None,Ingolstadt,FRG,2,1371.63000488,1971-10-21,1971-10-24
None,Ingolstadt,FRG,2,1368.7220459,1971-10-25,1971-11-03
None,Ingolstadt,FRG,2,1367.06542969,1971-11-04,1971-11-07
None,Ingolstadt,FRG,2,1357.39587402,1971-11-08,1971-11-14
None,Ingolstadt,FRG,2,1374.79553223,1971-11-15,1971-11-21
None,Ingolstadt,FRG,2,1371.05834961,1971-11-22,1971-11-24
None,Ingolstadt,FRG,2,1366.24255371,1971-11-25,1971-11-28
None,Ingolstadt,FRG,2,1373.50256348,1971-11-29,1971-12-01
None,Ingolstadt,FRG,2,1363.11682129,1971-12-02,1971-12-05
None,Ingolstadt,FRG,2,1359.10681152,1971-12-06,1971-12-08
None,Ingolstadt,FRG,2,1350.91455078,1971-12-09,1971-12-12
None,Ingolstadt,FRG,2,1336.18273926,1971-12-13,1971-12-19
None,Ingolstadt,FRG,2,1333.54663086,1971-12-20,1971-12-26
None,Ingolstadt,FRG,2,1335.6418457,1971-12-27,1972-01-02
None,Ingolstadt,FRG,2,1333.50231934,1972-01-03,1972-01-09
None,Ingolstadt,FRG,2,1339.07116699,1972-01-10,1972-01-16
None,Ingolstadt,FRG,2,1331.50842285,1972-01-17,1972-01-23
None,Ingolstadt,FRG,2,1327.92224121,1972-01-24,1972-01-30
None,Ingolstadt,FRG,2,1322.0279541,1972-01-31,1972-02-06
None,Ingolstadt,FRG,2,1331.66296387,1972-02-07,1972-02-13
None,Ingolstadt,FRG,2,1329.5612793,1972-02-14,1972-02-20
None,Ingolstadt,FRG,2,1315.86010742,1972-02-21,1972-02-27
None,Ingolstadt,FRG,2,1329.89526367,1972-02-28,1972-03-05
None,Ingolstadt,FRG,2,1332.92053223,1972-03-06,1972-03-08
None,Ingolstadt,FRG,2,1333.23266602,1972-03-09,1972-03-19
None,Ingolstadt,FRG,2,1341.61865234,1972-03-20,1972-03-22
None,Ingolstadt,FRG,2,1341.74560547,1972-03-23,1972-03-26
None,Ingolstadt,FRG,2,1346.59997559,1972-03-27,1972-04-02
None,Ingolstadt,FRG,2,1345.44299316,1972-04-03,1972-04-05
None,Ingolstadt,FRG,2,1339.56787109,1972-04-06,1972-04-09
None,Ingolstadt,FRG,2,1335.2019043,1972-04-10,1972-04-16
None,Ingolstadt,FRG,2,1343.69665527,1972-04-17,1972-04-19
None,Ingolstadt,FRG,2,1333.07116699,1972-04-20,1972-04-23
None,Ingolstadt,FRG,2,1352.35302734,1972-04-24,1972-04-30
None,Ingolstadt,FRG,2,1342.96618652,1972-05-01,1972-05-07
None,Ingolstadt,FRG,2,1362.58325195,1972-05-08,1972-05-14
None,Ingolstadt,FRG,2,1356.38269043,1972-05-15,1972-07-01
None,Ingolstadt,FRG,2,1364.7935791,1979-07-01,1979-07-28
None,Ingolstadt,FRG,2,1378.05908203,1979-07-29,1979-08-04
None,Ingolstadt,FRG,2,1372.91003418,1979-08-05,1979-08-11
None,Ingolstadt,FRG,2,1382.23620605,1979-08-12,1979-08-18
None,Ingolstadt,FRG,2,1378.13806152,1979-08-19,1979-08-22
None,Ingolstadt,FRG,2,1392.6862793,1979-08-23,1979-09-01
None,Ingolstadt,FRG,2,1406.40258789,1979-09-02,1979-09-08
None,Ingolstadt,FRG,2,1396.78320312,1979-09-09,1979-09-15
None,Ingolstadt,FRG,2,1391.98937988,1979-09-16,1979-09-19
None,Ingolstadt,FRG,2,1398.54614258,1979-09-20,1979-09-22
None,Ingolstadt,FRG,2,1395.28637695,1979-09-23,1979-10-03
None,Ingolstadt,FRG,2,1389.68444824,1979-10-04,1979-10-13
None,Ingolstadt,FRG,2,1385.68310547,1979-10-14,1979-10-20
None,Ingolstadt,FRG,2,1391.22387695,1979-10-21,1979-10-24
None,Ingolstadt,FRG,2,1389.6652832,1979-10-25,1979-10-27
None,Ingolstadt,FRG,2,1402.04309082,1979-10-28,1979-11-01
None,Ingolstadt,FRG,2,1412.41052246,1979-11-02,1979-11-03
None,Ingolstadt,FRG,2,1411.52209473,1979-11-04,1979-11-07
None,Ingolstadt,FRG,2,1413.7956543,1979-11-08,1979-11-10
None,Ingolstadt,FRG,2,1406.5324707,1979-11-11,1979-11-17
None,Ingolstadt,FRG,2,1426.49755859,1979-11-18,1979-11-24
None,Ingolstadt,FRG,2,1438.24084473,1979-11-25,1979-11-28
None,Ingolstadt,FRG,2,1448.18457031,1979-11-29,1979-12-01
None,Ingolstadt,FRG,2,1443.58886719,1979-12-02,1979-12-08
None,Ingolstadt,FRG,2,1443.66113281,1979-12-09,1979-12-12
None,Ingolstadt,FRG,2,1445.42700195,1979-12-13,1979-12-15
None,Ingolstadt,FRG,2,1435.42749023,1979-12-16,1979-12-23
None,Ingolstadt,FRG,2,1425.29785156,1979-12-24,1980-01-19
None,Ingolstadt,FRG,2,1431.57507324,1980-01-20,1980-01-26
None,Ingolstadt,FRG,2,1419.33776855,1980-01-27,1980-02-02
None,Ingolstadt,FRG,2,1414.55395508,1980-02-03,1980-02-09
None,Ingolstadt,FRG,2,1411.43310547,1980-02-10,1980-02-23
None,Ingolstadt,FRG,2,1408.97753906,1980-02-24,1980-03-01
None,Ingolstadt,FRG,2,1418.76708984,1980-03-02,1980-03-05
None,Ingolstadt,FRG,2,1426.10534668,1980-03-06,1980-03-08
None,Ingolstadt,FRG,2,1423.90100098,1980-03-09,1980-03-15
None,Ingolstadt,FRG,2,1416.48132324,1980-03-16,1980-03-19
None,Ingolstadt,FRG,2,1419.67138672,1980-03-20,1980-03-22
None,Ingolstadt,FRG,2,1437.59509277,1980-03-23,1980-04-01
None,Ingolstadt,FRG,2,1445.06359863,1980-04-02,1980-04-07
None,Ingolstadt,FRG,2,1438.31384277,1980-04-08,1980-04-09
None,Ingolstadt,FRG,2,1435.22839355,1980-04-10,1980-04-12
None,Ingolstadt,FRG,2,1428.07250977,1980-04-13,1980-04-20
None,Ingolstadt,FRG,2,1432.48168945,1980-04-21,1980-04-23
None,Ingolstadt,FRG,2,1438.82873535,1980-04-24,1980-04-26
None,Ingolstadt,FRG,2,1434.02648926,1980-04-27,1980-05-04
None,Ingolstadt,FRG,2,1432.38513184,1980-05-05,1980-05-09
None,Ingolstadt,FRG,2,1442.44555664,1980-05-10,1980-05-15
None,Ingolstadt,FRG,2,1448.96875,1980-05-16,1980-05-18
None,Ingolstadt,FRG,2,1445.94482422,1980-05-19,1980-05-24
None,Ingolstadt,FRG,2,1442.3848877,1980-05-25,1980-05-28
None,Ingolstadt,FRG,2,1437.91711426,1980-05-29,1980-05-31
None,Ingolstadt,FRG,2,1407.55505371,1980-06-01,1980-08-05
None,Ingolstadt,FRG,2,1403.95581055,1980-08-06,1980-08-09
None,Ingolstadt,FRG,2,1397.08850098,1980-08-10,1980-08-15
None,Ingolstadt,FRG,2,1392.30297852,1980-08-16,1980-08-20
None,Ingolstadt,FRG,2,1400.0090332,1980-08-21,1980-08-22
None,Ingolstadt,FRG,2,1397.02197266,1980-08-23,1980-08-29
None,Ingolstadt,FRG,2,1407.59753418,1980-08-30,1980-09-05
None,Ingolstadt,FRG,2,1404.2722168,1980-09-06,1980-09-12
None,Ingolstadt,FRG,2,1390.79736328,1980-09-13,1980-09-16
None,Ingolstadt,FRG,2,1390.8046875,1980-09-17,1980-09-17
None,Ingolstadt,FRG,2,1389.35424805,1980-09-18,1980-09-20
None,Ingolstadt,FRG,2,1381.78283691,1980-09-21,1980-09-24
None,Ingolstadt,FRG,2,1381.78503418,1980-09-25,1980-09-26
None,Ingolstadt,FRG,2,1391.54907227,1980-09-27,1980-10-01
None,Ingolstadt,FRG,2,1396.77783203,1980-10-02,1980-10-10
None,Ingolstadt,FRG,2,1417.35180664,1980-10-11,1980-10-17
None,Ingolstadt,FRG,2,1423.27416992,1980-10-18,1980-10-22
None,Ingolstadt,FRG,2,1412.69262695,1980-10-23,1980-10-25
None,Ingolstadt,FRG,2,1403.40710449,1980-10-26,1980-10-31
None,Ingolstadt,FRG,2,1413.82910156,1980-11-01,1980-11-05
None,Ingolstadt,FRG,2,1423.30065918,1980-11-06,1980-11-08
None,Ingolstadt,FRG,2,1421.23205566,1980-11-09,1980-11-15
None,Ingolstadt,FRG,2,1437.34057617,1980-11-16,1980-11-26
None,Ingolstadt,FRG,2,1420.29516602,1980-11-27,1980-11-28
None,Ingolstadt,FRG,2,1402.47546387,1980-11-29,1980-12-10
None,Ingolstadt,FRG,2,1396.91821289,1980-12-11,1980-12-13
None,Ingolstadt,FRG,2,1383.07092285,1980-12-14,1980-12-20
None,Ingolstadt,FRG,2,1388.97570801,1980-12-21,1981-01-10
None,Ingolstadt,FRG,2,1384.28649902,1981-01-11,1981-01-24
None,Ingolstadt,FRG,2,1381.6270752,1981-01-25,1981-02-01
None,Ingolstadt,FRG,2,1381.39367676,1981-02-02,1981-02-14
None,Ingolstadt,FRG,2,1399.14733887,1981-02-15,1981-02-21
None,Ingolstadt,FRG,2,1413.81884766,1981-02-22,1981-02-28
None,Ingolstadt,FRG,2,1421.61206055,1981-03-01,1981-03-04
None,Ingolstadt,FRG,2,1420.70983887,1981-03-05,1981-03-06
None,Ingolstadt,FRG,2,1414.74536133,1981-03-07,1981-03-13
None,Ingolstadt,FRG,2,1401.3770752,1981-03-14,1981-03-18
None,Ingolstadt,FRG,2,1402.5378418,1981-03-19,1981-03-21
None,Ingolstadt,FRG,2,1405.50598145,1981-03-22,1981-03-27
None,Ingolstadt,FRG,2,1411.13720703,1981-03-28,1981-04-04
None,Ingolstadt,FRG,2,1406.47338867,1981-04-05,1981-04-08
None,Ingolstadt,FRG,2,1391.03381348,1981-04-09,1981-04-10
None,Ingolstadt,FRG,2,1397.04992676,1981-04-11,1981-04-15
None,Ingolstadt,FRG,2,1410.25866699,1981-04-16,1981-04-22
None,Ingolstadt,FRG,2,1399.97680664,1981-04-23,1981-04-24
None,Ingolstadt,FRG,2,1390.94958496,1981-04-25,1981-04-30
None,Ingolstadt,FRG,2,1385.5871582,1981-05-01,1981-05-08
None,Ingolstadt,FRG,2,1384.25549316,1981-05-09,1981-05-15
None,Ingolstadt,FRG,2,1390.80444336,1981-05-16,1981-05-30
None,Ingolstadt,FRG,2,1388.29650879,1981-05-31,1981-07-02
None,Ingolstadt,GER,2,1383.28930664,2008-07-01,2008-07-17
None,Ingolstadt,GER,2,1383.70666504,2008-07-18,2008-07-31
None,Ingolstadt,GER,2,1383.74145508,2008-08-01,2008-08-13
None,Ingolstadt,GER,2,1385.69213867,2008-08-14,2008-08-14
None,Ingolstadt,GER,2,1385.77441406,2008-08-15,2008-08-17
None,Ingolstadt,GER,2,1394.46008301,2008-08-18,2008-08-24
None,Ingolstadt,GER,2,1387.84228516,2008-08-25,2008-08-27
None,Ingolstadt,GER,2,1379.98803711,2008-08-28,2008-08-28
None,Ingolstadt,GER,2,1380.67565918,2008-08-29,2008-08-29
None,Ingolstadt,GER,2,1370.43701172,2008-08-30,2008-09-12
None,Ingolstadt,GER,2,1367.1685791,2008-09-13,2008-09-16
None,Ingolstadt,GER,2,1366.28625488,2008-09-17,2008-09-17
None,Ingolstadt,GER,2,1368.71044922,2008-09-18,2008-09-18
None,Ingolstadt,GER,2,1364.14660645,2008-09-19,2008-09-21
None,Ingolstadt,GER,2,1370.99829102,2008-09-22,2008-09-28
None,Ingolstadt,GER,2,1374.15197754,2008-09-29,2008-09-30
None,Ingolstadt,GER,2,1373.71728516,2008-10-01,2008-10-01
None,Ingolstadt,GER,2,1375.70446777,2008-10-02,2008-10-02
None,Ingolstadt,GER,2,1385.01928711,2008-10-03,2008-10-05
None,Ingolstadt,GER,2,1398.43408203,2008-10-06,2008-10-19
None,Ingolstadt,GER,2,1391.27075195,2008-10-20,2008-10-21
None,Ingolstadt,GER,2,1394.43859863,2008-10-22,2008-10-22
None,Ingolstadt,GER,2,1394.11193848,2008-10-23,2008-10-23
None,Ingolstadt,GER,2,1395.70825195,2008-10-24,2008-10-24
None,Ingolstadt,GER,2,1385.42602539,2008-10-25,2008-10-28
None,Ingolstadt,GER,2,1388.34765625,2008-10-29,2008-11-02
None,Ingolstadt,GER,2,1407.8392334,2008-11-03,2008-11-04
None,Ingolstadt,GER,2,1399.86083984,2008-11-05,2008-11-05
None,Ingolstadt,GER,2,1400.5534668,2008-11-06,2008-11-06
None,Ingolstadt,GER,2,1404.92248535,2008-11-07,2008-11-09
None,Ingolstadt,GER,2,1429.92333984,2008-11-10,2008-11-16
None,Ingolstadt,GER,2,1418.19104004,2008-11-17,2008-11-21
None,Ingolstadt,GER,2,1408.40209961,2008-11-22,2008-11-25
None,Ingolstadt,GER,2,1409.41296387,2008-11-26,2008-11-26
None,Ingolstadt,GER,2,1408.75134277,2008-11-27,2008-11-27
None,Ingolstadt,GER,2,1403.75585938,2008-11-28,2008-11-30
None,Ingolstadt,GER,2,1398.74243164,2008-12-01,2008-12-03
None,Ingolstadt,GER,2,1391.93713379,2008-12-04,2008-12-04
None,Ingolstadt,GER,2,1398.01831055,2008-12-05,2008-12-05
None,Ingolstadt,GER,2,1394.21252441,2008-12-06,2008-12-09
None,Ingolstadt,GER,2,1397.74365234,2008-12-10,2008-12-10
None,Ingolstadt,GER,2,1400.97497559,2008-12-11,2008-12-12
None,Ingolstadt,GER,2,1412.2454834,2008-12-13,2008-12-17
None,Ingolstadt,GER,2,1417.44775391,2008-12-18,2008-12-18
None,Ingolstadt,GER,2,1416.71887207,2008-12-19,2009-02-01
None,Ingolstadt,GER,2,1408.89465332,2009-02-02,2009-02-08
None,Ingolstadt,GER,2,1405.60192871,2009-02-09,2009-02-15
None,Ingolstadt,GER,2,1400.4588623,2009-02-16,2009-02-18
None,Ingolstadt,GER,2,1396.9432373,2009-02-19,2009-02-20
None,Ingolstadt,GER,2,1398.05249023,2009-02-21,2009-02-25
None,Ingolstadt,GER,2,1402.99401855,2009-02-26,2009-02-26
None,Ingolstadt,GER,2,1399.390625,2009-02-27,2009-03-01
None,Ingolstadt,GER,2,1393.3013916,2009-03-02,2009-03-08
None,Ingolstadt,GER,2,1384.25927734,2009-03-09,2009-03-10
None,Ingolstadt,GER,2,1386.20300293,2009-03-11,2009-03-12
None,Ingolstadt,GER,2,1386.09729004,2009-03-13,2009-03-15
None,Ingolstadt,GER,2,1389.86853027,2009-03-16,2009-03-18
None,Ingolstadt,GER,2,1391.29101562,2009-03-19,2009-03-19
None,Ingolstadt,GER,2,1395.44042969,2009-03-20,2009-03-22
None,Ingolstadt,GER,2,1397.66809082,2009-03-23,2009-04-03
None,Ingolstadt,GER,2,1401.19311523,2009-04-04,2009-04-08
None,Ingolstadt,GER,2,1397.76098633,2009-04-09,2009-04-09
None,Ingolstadt,GER,2,1400.00256348,2009-04-10,2009-04-14
None,Ingolstadt,GER,2,1399.76147461,2009-04-15,2009-04-16
None,Ingolstadt,GER,2,1400.88220215,2009-04-17,2009-04-19
None,Ingolstadt,GER,2,1398.03723145,2009-04-20,2009-04-26
None,Ingolstadt,GER,2,1392.18273926,2009-04-27,2009-05-03
None,Ingolstadt,GER,2,1390.03503418,2009-05-04,2009-05-10
None,Ingolstadt,GER,2,1375.72912598,2009-05-11,2009-05-14
None,Ingolstadt,GER,2,1367.38061523,2009-05-15,2009-05-17
None,Ingolstadt,GER,2,1371.09985352,2009-05-18,2009-05-20
None,Ingolstadt,GER,2,1369.0390625,2009-05-21,2009-05-24
None,Ingolstadt,GER,2,1385.62341309,2009-05-25,2009-07-01
None,Ingolstadt,GER,2,1412.54040527,2010-07-01,2010-07-29
None,Ingolstadt,GER,2,1412.68688965,2010-07-30,2010-08-05
None,Ingolstadt,GER,2,1412.6907959,2010-08-06,2010-08-18
None,Ingolstadt,GER,2,1414.92431641,2010-08-19,2010-08-19
None,Ingolstadt,GER,2,1416.3026123,2010-08-20,2010-08-21
None,Ingolstadt,GER,2,1404.84155273,2010-08-22,2010-08-24
None,Ingolstadt,GER,2,1405.01123047,2010-08-25,2010-08-26
None,Ingolstadt,GER,2,1405.45727539,2010-08-27,2010-08-28
None,Ingolstadt,GER,2,1399.26855469,2010-08-29,2010-09-10
None,Ingolstadt,GER,2,1390.56176758,2010-09-11,2010-09-14
None,Ingolstadt,GER,2,1387.73706055,2010-09-15,2010-09-15
None,Ingolstadt,GER,2,1389.7064209,2010-09-16,2010-09-16
None,Ingolstadt,GER,2,1394.00366211,2010-09-17,2010-09-19
None,Ingolstadt,GER,2,1390.11877441,2010-09-20,2010-09-22
None,Ingolstadt,GER,2,1406.10180664,2010-09-23,2010-09-25
None,Ingolstadt,GER,2,1402.21313477,2010-09-26,2010-09-28
None,Ingolstadt,GER,2,1403.5300293,2010-09-29,2010-09-29
None,Ingolstadt,GER,2,1404.66552734,2010-09-30,2010-09-30
None,Ingolstadt,GER,2,1403.01330566,2010-10-01,2010-10-01
None,Ingolstadt,GER,2,1404.30517578,2010-10-02,2010-10-17
None,Ingolstadt,GER,2,1400.30871582,2010-10-18,2010-10-19
None,Ingolstadt,GER,2,1400.54907227,2010-10-20,2010-10-20
None,Ingolstadt,GER,2,1401.95654297,2010-10-21,2010-10-21
None,Ingolstadt,GER,2,1400.27978516,2010-10-22,2010-10-23
None,Ingolstadt,GER,2,1392.07666016,2010-10-24,2010-10-30
None,Ingolstadt,GER,2,1389.66040039,2010-10-31,2010-11-02
None,Ingolstadt,GER,2,1383.8482666,2010-11-03,2010-11-03
None,Ingolstadt,GER,2,1385.23425293,2010-11-04,2010-11-04
None,Ingolstadt,GER,2,1390.81567383,2010-11-05,2010-11-05
None,Ingolstadt,GER,2,1385.34838867,2010-11-06,2010-11-14
None,Ingolstadt,GER,2,1378.11828613,2010-11-15,2010-11-20
None,Ingolstadt,GER,2,1402.07653809,2010-11-21,2010-11-23
None,Ingolstadt,GER,2,1399.3671875,2010-11-24,2010-11-24
None,Ingolstadt,GER,2,1401.06506348,2010-11-25,2010-11-28
None,Ingolstadt,GER,2,1408.80969238,2010-11-29,2010-12-01
None,Ingolstadt,GER,2,1405.8840332,2010-12-02,2010-12-02
None,Ingolstadt,GER,2,1406.43115234,2010-12-03,2010-12-05
None,Ingolstadt,GER,2,1410.66821289,2010-12-06,2010-12-07
None,Ingolstadt,GER,2,1418.69104004,2010-12-08,2010-12-08
None,Ingolstadt,GER,2,1419.74609375,2010-12-09,2010-12-12
None,Ingolstadt,GER,2,1420.94262695,2010-12-13,2010-12-15
None,Ingolstadt,GER,2,1420.39538574,2010-12-16,2010-12-16
None,Ingolstadt,GER,2,1420.47595215,2010-12-17,2010-12-19
None,Ingolstadt,GER,2,1414.32592773,2010-12-20,2011-01-16
None,Ingolstadt,GER,2,1410.62927246,2011-01-17,2011-01-21
None,Ingolstadt,GER,2,1412.93225098,2011-01-22,2011-01-28
None,Ingolstadt,GER,2,1414.68139648,2011-01-29,2011-02-06
None,Ingolstadt,GER,2,1420.88037109,2011-02-07,2011-02-13
None,Ingolstadt,GER,2,1415.53479004,2011-02-14,2011-02-15
None,Ingolstadt,GER,2,1416.83312988,2011-02-16,2011-02-17
None,Ingolstadt,GER,2,1419.76245117,2011-02-18,2011-02-18
None,Ingolstadt,GER,2,1411.22045898,2011-02-19,2011-02-23
None,Ingolstadt,GER,2,1413.44470215,2011-02-24,2011-02-24
None,Ingolstadt,GER,2,1410.14611816,2011-02-25,2011-02-27
None,Ingolstadt,GER,2,1429.68383789,2011-02-28,2011-03-06
None,Ingolstadt,GER,2,1438.54284668,2011-03-07,2011-03-09
None,Ingolstadt,GER,2,1443.42053223,2011-03-10,2011-03-10
None,Ingolstadt,GER,2,1439.39880371,2011-03-11,2011-03-11
None,Ingolstadt,GER,2,1449.84899902,2011-03-12,2011-03-15
None,Ingolstadt,GER,2,1444.51782227,2011-03-16,2011-03-17
None,Ingolstadt,GER,2,1442.50366211,2011-03-18,2011-03-18
None,Ingolstadt,GER,2,1446.89794922,2011-03-19,2011-04-01
None,Ingolstadt,GER,2,1459.41967773,2011-04-02,2011-04-05
None,Ingolstadt,GER,2,1466.16333008,2011-04-06,2011-04-10
None,Ingolstadt,GER,2,1467.89562988,2011-04-11,2011-04-13
None,Ingolstadt,GER,2,1468.76403809,2011-04-14,2011-04-15
None,Ingolstadt,GER,2,1485.90246582,2011-04-16,2011-04-24
None,Ingolstadt,GER,2,1487.74511719,2011-04-25,2011-04-26
None,Ingolstadt,GER,2,1485.38012695,2011-04-27,2011-04-30
None,Ingolstadt,GER,2,1483.80981445,2011-05-01,2011-05-04
None,Ingolstadt,GER,2,1482.6307373,2011-05-05,2011-05-08
None,Ingolstadt,GER,2,1486.30004883,2011-05-09,2011-05-15
None,Ingolstadt,GER,2,1474.328125,2011-05-16,2011-07-16
None,Ingolstadt,GER,2,1467.84985352,2011-07-17,2011-07-22
None,Ingolstadt,GER,2,1467.08752441,2011-07-23,2011-07-28
None,Ingolstadt,GER,2,1465.70605469,2011-07-29,2011-08-04
None,Ingolstadt,GER,2,1463.20666504,2011-08-05,2011-08-05
None,Ingolstadt,GER,2,1455.99255371,2011-08-06,2011-08-14
None,Ingolstadt,GER,2,1453.19702148,2011-08-15,2011-08-17
None,Ingolstadt,GER,2,1453.90100098,2011-08-18,2011-08-18
None,Ingolstadt,GER,2,1451.65893555,2011-08-19,2011-08-19
None,Ingolstadt,GER,2,1445.38964844,2011-08-20,2011-08-23
None,Ingolstadt,GER,2,1445.65759277,2011-08-24,2011-08-25
None,Ingolstadt,GER,2,1451.88098145,2011-08-26,2011-08-26
None,Ingolstadt,GER,2,1460.17211914,2011-08-27,2011-09-11
None,Ingolstadt,GER,2,1448.77514648,2011-09-12,2011-09-13
None,Ingolstadt,GER,2,1445.96264648,2011-09-14,2011-09-14
None,Ingolstadt,GER,2,1449.41564941,2011-09-15,2011-09-15
None,Ingolstadt,GER,2,1446.10839844,2011-09-16,2011-09-16
None,Ingolstadt,GER,2,1454.41333008,2011-09-17,2011-09-23
None,Ingolstadt,GER,2,1444.38769531,2011-09-24,2011-09-27
None,Ingolstadt,GER,2,1446.34912109,2011-09-28,2011-09-28
None,Ingolstadt,GER,2,1443.33862305,2011-09-29,2011-09-29
None,Ingolstadt,GER,2,1446.13427734,2011-09-30,2011-10-01
None,Ingolstadt,GER,2,1435.34362793,2011-10-02,2011-10-15
None,Ingolstadt,GER,2,1428.14624023,2011-10-16,2011-10-18
None,Ingolstadt,GER,2,1427.01513672,2011-10-19,2011-10-19
None,Ingolstadt,GER,2,1424.2935791,2011-10-20,2011-10-20
None,Ingolstadt,GER,2,1425.64208984,2011-10-21,2011-10-23
None,Ingolstadt,GER,2,1417.17480469,2011-10-24,2011-10-30
None,Ingolstadt,GER,2,1421.75244141,2011-10-31,2011-11-01
None,Ingolstadt,GER,2,1420.26123047,2011-11-02,2011-11-02
None,Ingolstadt,GER,2,1420.99157715,2011-11-03,2011-11-03
None,Ingolstadt,GER,2,1420.85168457,2011-11-04,2011-11-04
None,Ingolstadt,GER,2,1413.89733887,2011-11-05,2011-11-18
None,Ingolstadt,GER,2,1407.21826172,2011-11-19,2011-11-22
None,Ingolstadt,GER,2,1408.28222656,2011-11-23,2011-11-23
None,Ingolstadt,GER,2,1409.08337402,2011-11-24,2011-11-27
None,Ingolstadt,GER,2,1413.47692871,2011-11-28,2011-11-30
None,Ingolstadt,GER,2,1409.8828125,2011-12-01,2011-12-01
None,Ingolstadt,GER,2,1410.3807373,2011-12-02,2011-12-02
None,Ingolstadt,GER,2,1402.29846191,2011-12-03,2011-12-06
None,Ingolstadt,GER,2,1397.1595459,2011-12-07,2011-12-07
None,Ingolstadt,GER,2,1394.5177002,2011-12-08,2011-12-11
None,Ingolstadt,GER,2,1405.69702148,2011-12-12,2011-12-14
None,Ingolstadt,GER,2,1408.09216309,2011-12-15,2011-12-15
None,Ingolstadt,GER,2,1408.8059082,2011-12-16,2011-12-16
None,Ingolstadt,GER,2,1411.89489746,2011-12-17,2012-02-04
None,Ingolstadt,GER,2,1415.87036133,2012-02-05,2012-02-10
None,Ingolstadt,GER,2,1417.44946289,2012-02-11,2012-02-14
None,Ingolstadt,GER,2,1416.48937988,2012-02-15,2012-02-16
None,Ingolstadt,GER,2,1417.21594238,2012-02-17,2012-02-19
None,Ingolstadt,GER,2,1420.73034668,2012-02-20,2012-02-22
None,Ingolstadt,GER,2,1418.72717285,2012-02-23,2012-02-23
None,Ingolstadt,GER,2,1422.89538574,2012-02-24,2012-02-24
None,Ingolstadt,GER,2,1432.00317383,2012-02-25,2012-03-02
None,Ingolstadt,GER,2,1431.53259277,2012-03-03,2012-03-07
None,Ingolstadt,GER,2,1430.73327637,2012-03-08,2012-03-08
None,Ingolstadt,GER,2,1430.01049805,2012-03-09,2012-03-11
None,Ingolstadt,GER,2,1433.14074707,2012-03-12,2012-03-13
None,Ingolstadt,GER,2,1438.32006836,2012-03-14,2012-03-15
None,Ingolstadt,GER,2,1447.72619629,2012-03-16,2012-03-17
None,Ingolstadt,GER,2,1466.63586426,2012-03-18,2012-03-23
None,Ingolstadt,GER,2,1477.85437012,2012-03-24,2012-03-28
None,Ingolstadt,GER,2,1479.57836914,2012-03-29,2012-03-29
None,Ingolstadt,GER,2,1472.94763184,2012-03-30,2012-04-01
None,Ingolstadt,GER,2,1471.22229004,2012-04-02,2012-04-03
None,Ingolstadt,GER,2,1471.70422363,2012-04-04,2012-04-05
None,Ingolstadt,GER,2,1468.546875,2012-04-06,2012-04-08
None,Ingolstadt,GER,2,1465.57519531,2012-04-09,2012-04-11
None,Ingolstadt,GER,2,1471.73327637,2012-04-12,2012-04-15
None,Ingolstadt,GER,2,1476.4810791,2012-04-16,2012-04-17
None,Ingolstadt,GER,2,1477.84460449,2012-04-18,2012-04-21
None,Ingolstadt,GER,2,1469.69836426,2012-04-22,2012-04-25
None,Ingolstadt,GER,2,1470.91442871,2012-04-26,2012-04-29
None,Ingolstadt,GER,2,1476.86755371,2012-04-30,2012-05-06
None,Ingolstadt,GER,2,1467.46862793,2012-05-07,2012-05-19
None,Ingolstadt,GER,2,1466.68713379,2012-05-20,2012-08-02
None,Ingolstadt,GER,2,1466.80187988,2012-08-03,2012-08-03
None,Ingolstadt,GER,2,1464.4473877,2012-08-04,2012-08-09
None,Ingolstadt,GER,2,1464.47424316,2012-08-10,2012-08-11
None,Ingolstadt,GER,2,1469.70422363,2012-08-12,2012-08-21
None,Ingolstadt,GER,2,1464.22119141,2012-08-22,2012-08-22
None,Ingolstadt,GER,2,1465.79516602,2012-08-23,2012-08-23
None,Ingolstadt,GER,2,1466.41491699,2012-08-24,2012-08-26
None,Ingolstadt,GER,2,1452.35803223,2012-08-27,2012-08-28
None,Ingolstadt,GER,2,1452.92492676,2012-08-29,2012-08-29
None,Ingolstadt,GER,2,1454.50769043,2012-08-30,2012-08-30
None,Ingolstadt,GER,2,1454.79699707,2012-08-31,2012-09-02
None,Ingolstadt,GER,2,1471.21508789,2012-09-03,2012-09-14
None,Ingolstadt,GER,2,1477.2611084,2012-09-15,2012-09-18
None,Ingolstadt,GER,2,1480.94836426,2012-09-19,2012-09-19
None,Ingolstadt,GER,2,1482.06530762,2012-09-20,2012-09-20
None,Ingolstadt,GER,2,1476.19018555,2012-09-21,2012-09-23
None,Ingolstadt,GER,2,1485.88696289,2012-09-24,2012-09-26
None,Ingolstadt,GER,2,1475.09606934,2012-09-27,2012-09-30
None,Ingolstadt,GER,2,1476.92321777,2012-10-01,2012-10-02
None,Ingolstadt,GER,2,1469.64306641,2012-10-03,2012-10-03
None,Ingolstadt,GER,2,1468.93408203,2012-10-04,2012-10-04
None,Ingolstadt,GER,2,1461.32373047,2012-10-05,2012-10-07
None,Ingolstadt,GER,2,1462.79724121,2012-10-08,2012-10-19
None,Ingolstadt,GER,2,1475.67333984,2012-10-20,2012-10-23
None,Ingolstadt,GER,2,1477.38269043,2012-10-24,2012-10-24
None,Ingolstadt,GER,2,1486.10888672,2012-10-25,2012-10-25
None,Ingolstadt,GER,2,1490.95861816,2012-10-26,2012-10-26
None,Ingolstadt,GER,2,1498.11987305,2012-10-27,2012-11-02
None,Ingolstadt,GER,2,1503.2310791,2012-11-03,2012-11-06
None,Ingolstadt,GER,2,1504.2746582,2012-11-07,2012-11-07
None,Ingolstadt,GER,2,1505.6607666,2012-11-08,2012-11-08
None,Ingolstadt,GER,2,1510.5456543,2012-11-09,2012-11-11
None,Ingolstadt,GER,2,1515.97497559,2012-11-12,2012-11-17
None,Ingolstadt,GER,2,1506.54504395,2012-11-18,2012-11-20
None,Ingolstadt,GER,2,1506.2512207,2012-11-21,2012-11-21
None,Ingolstadt,GER,2,1510.57458496,2012-11-22,2012-11-22
None,Ingolstadt,GER,2,1510.79467773,2012-11-23,2012-11-25
None,Ingolstadt,GER,2,1505.51464844,2012-11-26,2012-11-28
None,Ingolstadt,GER,2,1494.12573242,2012-11-29,2012-12-02
None,Ingolstadt,GER,2,1489.62438965,2012-12-03,2012-12-04
None,Ingolstadt,GER,2,1490.73535156,2012-12-05,2012-12-05
None,Ingolstadt,GER,2,1491.0949707,2012-12-06,2012-12-06
None,Ingolstadt,GER,2,1492.61608887,2012-12-07,2012-12-09
None,Ingolstadt,GER,2,1494.6953125,2012-12-10,2012-12-15
None,Ingolstadt,GER,2,1494.3828125,2012-12-16,2013-02-03
None,Ingolstadt,GER,2,1507.75439453,2013-02-04,2013-02-10
None,Ingolstadt,GER,2,1493.96740723,2013-02-11,2013-02-13
None,Ingolstadt,GER,2,1495.04602051,2013-02-14,2013-02-14
None,Ingolstadt,GER,2,1485.34594727,2013-02-15,2013-02-16
None,Ingolstadt,GER,2,1487.88598633,2013-02-17,2013-02-19
None,Ingolstadt,GER,2,1489.85498047,2013-02-20,2013-02-20
None,Ingolstadt,GER,2,1490.42456055,2013-02-21,2013-02-21
None,Ingolstadt,GER,2,1486.95874023,2013-02-22,2013-02-23
None,Ingolstadt,GER,2,1484.08654785,2013-02-24,2013-03-03
None,Ingolstadt,GER,2,1487.2611084,2013-03-04,2013-03-05
None,Ingolstadt,GER,2,1490.32763672,2013-03-06,2013-03-07
None,Ingolstadt,GER,2,1485.46533203,2013-03-08,2013-03-10
None,Ingolstadt,GER,2,1491.62817383,2013-03-11,2013-03-12
None,Ingolstadt,GER,2,1485.95422363,2013-03-13,2013-03-13
None,Ingolstadt,GER,2,1484.85046387,2013-03-14,2013-03-14
None,Ingolstadt,GER,2,1482.62609863,2013-03-15,2013-03-17
None,Ingolstadt,GER,2,1474.51086426,2013-03-18,2013-03-30
None,Ingolstadt,GER,2,1464.92712402,2013-03-31,2013-04-02
None,Ingolstadt,GER,2,1466.83276367,2013-04-03,2013-04-03
None,Ingolstadt,GER,2,1466.94348145,2013-04-04,2013-04-05
None,Ingolstadt,GER,2,1459.35314941,2013-04-06,2013-04-09
None,Ingolstadt,GER,2,1461.14428711,2013-04-10,2013-04-10
None,Ingolstadt,GER,2,1462.44958496,2013-04-11,2013-04-12
None,Ingolstadt,GER,2,1466.50134277,2013-04-13,2013-04-19
None,Ingolstadt,GER,2,1473.13513184,2013-04-20,2013-04-23
None,Ingolstadt,GER,2,1480.09191895,2013-04-24,2013-04-24
None,Ingolstadt,GER,2,1485.43347168,2013-04-25,2013-04-26
None,Ingolstadt,GER,2,1478.22033691,2013-04-27,2013-04-30
None,Ingolstadt,GER,2,1477.18310547,2013-05-01,2013-05-01
None,Ingolstadt,GER,2,1480.54760742,2013-05-02,2013-05-04
None,Ingolstadt,GER,2,1467.83105469,2013-05-05,2013-05-12
None,Ingolstadt,GER,2,1477.42602539,2013-05-13,2013-05-19
None,Ingolstadt,GER,2,1465.53796387,2013-05-20,2013-07-19
None,Ingolstadt,GER,2,1455.90905762,2013-07-20,2013-07-26
None,Ingolstadt,GER,2,1450.74816895,2013-07-27,2013-08-01
None,Ingolstadt,GER,2,1450.54260254,2013-08-02,2013-08-08
None,Ingolstadt,GER,2,1450.88098145,2013-08-09,2013-08-10
None,Ingolstadt,GER,2,1437.06091309,2013-08-11,2013-08-18
None,Ingolstadt,GER,2,1433.10534668,2013-08-19,2013-08-21
None,Ingolstadt,GER,2,1431.65161133,2013-08-22,2013-08-22
None,Ingolstadt,GER,2,1430.57409668,2013-08-23,2013-08-23
None,Ingolstadt,GER,2,1437.32080078,2013-08-24,2013-08-27
None,Ingolstadt,GER,2,1439.64099121,2013-08-28,2013-08-29
None,Ingolstadt,GER,2,1433.00769043,2013-08-30,2013-09-01
None,Ingolstadt,GER,2,1434.78540039,2013-09-02,2013-09-15
None,Ingolstadt,GER,2,1427.41760254,2013-09-16,2013-09-17
None,Ingolstadt,GER,2,1425.93164062,2013-09-18,2013-09-18
None,Ingolstadt,GER,2,1424.21850586,2013-09-19,2013-09-19
None,Ingolstadt,GER,2,1425.38684082,2013-09-20,2013-09-22
None,Ingolstadt,GER,2,1417.62231445,2013-09-23,2013-09-29
None,Ingolstadt,GER,2,1410.76916504,2013-09-30,2013-10-01
None,Ingolstadt,GER,2,1414.54394531,2013-10-02,2013-10-02
None,Ingolstadt,GER,2,1418.51062012,2013-10-03,2013-10-03
None,Ingolstadt,GER,2,1419.03820801,2013-10-04,2013-10-06
None,Ingolstadt,GER,2,1430.34765625,2013-10-07,2013-10-20
None,Ingolstadt,GER,2,1424.50585938,2013-10-21,2013-10-22
None,Ingolstadt,GER,2,1423.44775391,2013-10-23,2013-10-23
None,Ingolstadt,GER,2,1427.22021484,2013-10-24,2013-10-24
None,Ingolstadt,GER,2,1426.92468262,2013-10-25,2013-10-25
None,Ingolstadt,GER,2,1440.57592773,2013-10-26,2013-11-01
None,Ingolstadt,GER,2,1444.42492676,2013-11-02,2013-11-05
None,Ingolstadt,GER,2,1444.5612793,2013-11-06,2013-11-06
None,Ingolstadt,GER,2,1438.8392334,2013-11-07,2013-11-07
None,Ingolstadt,GER,2,1433.4465332,2013-11-08,2013-11-08
None,Ingolstadt,GER,2,1444.88720703,2013-11-09,2013-11-23
None,Ingolstadt,GER,2,1458.73950195,2013-11-24,2013-11-26
None,Ingolstadt,GER,2,1459.55065918,2013-11-27,2013-11-27
None,Ingolstadt,GER,2,1454.18457031,2013-11-28,2013-11-28
None,Ingolstadt,GER,2,1459.03393555,2013-11-29,2013-11-30
None,Ingolstadt,GER,2,1443.99157715,2013-12-01,2013-12-08
None,Ingolstadt,GER,2,1453.45983887,2013-12-09,2013-12-10
None,Ingolstadt,GER,2,1451.39538574,2013-12-11,2013-12-11
None,Ingolstadt,GER,2,1454.44616699,2013-12-12,2013-12-12
None,Ingolstadt,GER,2,1452.60241699,2013-12-13,2013-12-15
None,Ingolstadt,GER,2,1453.66186523,2013-12-16,2013-12-23
None,Ingolstadt,GER,2,1447.38342285,2013-12-24,2014-02-09
None,Ingolstadt,GER,2,1450.04003906,2014-02-10,2014-02-14
None,Ingolstadt,GER,2,1462.42504883,2014-02-15,2014-02-18
None,Ingolstadt,GER,2,1455.81298828,2014-02-19,2014-02-19
None,Ingolstadt,GER,2,1457.35083008,2014-02-20,2014-02-20
None,Ingolstadt,GER,2,1459.08215332,2014-02-21,2014-02-21
None,Ingolstadt,GER,2,1470.1973877,2014-02-22,2014-02-25
None,Ingolstadt,GER,2,1472.64538574,2014-02-26,2014-02-26
None,Ingolstadt,GER,2,1470.97192383,2014-02-27,2014-02-27
None,Ingolstadt,GER,2,1467.5715332,2014-02-28,2014-03-02
None,Ingolstadt,GER,2,1465.27197266,2014-03-03,2014-03-08
None,Ingolstadt,GER,2,1468.15673828,2014-03-09,2014-03-11
None,Ingolstadt,GER,2,1467.89709473,2014-03-12,2014-03-12
None,Ingolstadt,GER,2,1467.98327637,2014-03-13,2014-03-14
None,Ingolstadt,GER,2,1459.23571777,2014-03-15,2014-03-18
None,Ingolstadt,GER,2,1459.19482422,2014-03-19,2014-03-19
None,Ingolstadt,GER,2,1458.29370117,2014-03-20,2014-03-22
None,Ingolstadt,GER,2,1461.64172363,2014-03-23,2014-03-25
None,Ingolstadt,GER,2,1473.27075195,2014-03-26,2014-03-28
None,Ingolstadt,GER,2,1475.41845703,2014-03-29,2014-04-01
None,Ingolstadt,GER,2,1475.17687988,2014-04-02,2014-04-02
None,Ingolstadt,GER,2,1473.01123047,2014-04-03,2014-04-07
None,Ingolstadt,GER,2,1474.53491211,2014-04-08,2014-04-08
None,Ingolstadt,GER,2,1475.39575195,2014-04-09,2014-04-09
None,Ingolstadt,GER,2,1477.07141113,2014-04-10,2014-04-11
None,Ingolstadt,GER,2,1469.49511719,2014-04-12,2014-04-20
None,Ingolstadt,GER,2,1470.37060547,2014-04-21,2014-04-23
None,Ingolstadt,GER,2,1468.72998047,2014-04-24,2014-04-25
None,Ingolstadt,GER,2,1471.87072754,2014-04-26,2014-04-29
None,Ingolstadt,GER,2,1466.1015625,2014-04-30,2014-05-04
None,Ingolstadt,GER,2,1478.32678223,2014-05-05,2014-05-11
None,Ingolstadt,GER,2,1484.8302002,2014-05-12,2014-07-31
None,Ingolstadt,GER,2,1485.19104004,2014-08-01,2014-08-02
None,Ingolstadt,GER,2,1486.5736084,2014-08-03,2014-08-07
None,Ingolstadt,GER,2,1478.51428223,2014-08-08,2014-08-10
None,Ingolstadt,GER,2,1474.75134277,2014-08-11,2014-08-19
None,Ingolstadt,GER,2,1475.58105469,2014-08-20,2014-08-21
None,Ingolstadt,GER,2,1475.70568848,2014-08-22,2014-08-24
None,Ingolstadt,GER,2,1488.92797852,2014-08-25,2014-08-27
None,Ingolstadt,GER,2,1489.65100098,2014-08-28,2014-08-28
None,Ingolstadt,GER,2,1489.89916992,2014-08-29,2014-08-31
None,Ingolstadt,GER,2,1502.27429199,2014-09-01,2014-09-12
None,Ingolstadt,GER,2,1512.51306152,2014-09-13,2014-09-16
None,Ingolstadt,GER,2,1511.82446289,2014-09-17,2014-09-17
None,Ingolstadt,GER,2,1515.25463867,2014-09-18,2014-09-18
None,Ingolstadt,GER,2,1511.94763184,2014-09-19,2014-09-20
None,Ingolstadt,GER,2,1512.14672852,2014-09-21,2014-09-23
None,Ingolstadt,GER,2,1507.51599121,2014-09-24,2014-09-27
None,Ingolstadt,GER,2,1517.04968262,2014-09-28,2014-09-30
None,Ingolstadt,GER,2,1515.22595215,2014-10-01,2014-10-01
None,Ingolstadt,GER,2,1521.2409668,2014-10-02,2014-10-02
None,Ingolstadt,GER,2,1518.69348145,2014-10-03,2014-10-05
None,Ingolstadt,GER,2,1525.20349121,2014-10-06,2014-10-19
None,Ingolstadt,GER,2,1532.48840332,2014-10-20,2014-10-21
None,Ingolstadt,GER,2,1537.33056641,2014-10-22,2014-10-22
None,Ingolstadt,GER,2,1543.83374023,2014-10-23,2014-10-23
None,Ingolstadt,GER,2,1548.06835938,2014-10-24,2014-10-26
None,Ingolstadt,GER,2,1552.56054688,2014-10-27,2014-10-31
None,Ingolstadt,GER,2,1555.25366211,2014-11-01,2014-11-04
None,Ingolstadt,GER,2,1559.66040039,2014-11-05,2014-11-05
None,Ingolstadt,GER,2,1555.53930664,2014-11-06,2014-11-06
None,Ingolstadt,GER,2,1558.63000488,2014-11-07,2014-11-09
None,Ingolstadt,GER,2,1554.31982422,2014-11-10,2014-11-23
None,Ingolstadt,GER,2,1547.13342285,2014-11-24,2014-11-25
None,Ingolstadt,GER,2,1539.03967285,2014-11-26,2014-11-26
None,Ingolstadt,GER,2,1531.57507324,2014-11-27,2014-11-27
None,Ingolstadt,GER,2,1528.03918457,2014-11-28,2014-11-29
None,Ingolstadt,GER,2,1536.15112305,2014-11-30,2014-12-07
None,Ingolstadt,GER,2,1543.70153809,2014-12-08,2014-12-09
None,Ingolstadt,GER,2,1542.36401367,2014-12-10,2014-12-10
None,Ingolstadt,GER,2,1544.07519531,2014-12-11,2014-12-11
None,Ingolstadt,GER,2,1549.06774902,2014-12-12,2014-12-14
None,Ingolstadt,GER,2,1558.93676758,2014-12-15,2014-12-17
None,Ingolstadt,GER,2,1562.21936035,2014-12-18,2014-12-21
None,Ingolstadt,GER,2,1561.51660156,2014-12-22,2015-02-06
None,Ingolstadt,GER,2,1569.99584961,2015-02-07,2015-02-14
None,Ingolstadt,GER,2,1550.51220703,2015-02-15,2015-02-17
None,Ingolstadt,GER,2,1550.01281738,2015-02-18,2015-02-18
None,Ingolstadt,GER,2,1549.25378418,2015-02-19,2015-02-19
None,Ingolstadt,GER,2,1549.77783203,2015-02-20,2015-02-20
None,Ingolstadt,GER,2,1547.6673584,2015-02-21,2015-02-24
None,Ingolstadt,GER,2,1546.77172852,2015-02-25,2015-02-25
None,Ingolstadt,GER,2,1549.02600098,2015-02-26,2015-02-26
None,Ingolstadt,GER,2,1546.6607666,2015-02-27,2015-03-02
None,Ingolstadt,GER,2,1542.35595703,2015-03-03,2015-03-06
None,Ingolstadt,GER,2,1553.3338623,2015-03-07,2015-03-10
None,Ingolstadt,GER,2,1553.57409668,2015-03-11,2015-03-11
None,Ingolstadt,GER,2,1555.67016602,2015-03-12,2015-03-12
None,Ingolstadt,GER,2,1557.22192383,2015-03-13,2015-03-15
None,Ingolstadt,GER,2,1542.94763184,2015-03-16,2015-03-17
None,Ingolstadt,GER,2,1542.98474121,2015-03-18,2015-03-18
None,Ingolstadt,GER,2,1539.01196289,2015-03-19,2015-03-19
None,Ingolstadt,GER,2,1539.89001465,2015-03-20,2015-03-21
None,Ingolstadt,GER,2,1540.73742676,2015-03-22,2015-04-05
None,Ingolstadt,GER,2,1547.83557129,2015-04-06,2015-04-10
None,Ingolstadt,GER,2,1554.47790527,2015-04-11,2015-04-15
None,Ingolstadt,GER,2,1550.07373047,2015-04-16,2015-04-16
None,Ingolstadt,GER,2,1542.56323242,2015-04-17,2015-04-17
None,Ingolstadt,GER,2,1547.89172363,2015-04-18,2015-04-21
None,Ingolstadt,GER,2,1554.75134277,2015-04-22,2015-04-23
None,Ingolstadt,GER,2,1554.60742188,2015-04-24,2015-04-26
None,Ingolstadt,GER,2,1553.50109863,2015-04-27,2015-05-04
None,Ingolstadt,GER,2,1550.1204834,2015-05-05,2015-05-06
None,Ingolstadt,GER,2,1546.02856445,2015-05-07,2015-05-10
None,Ingolstadt,GER,2,1532.99645996,2015-05-11,2015-05-12
None,Ingolstadt,GER,2,1533.49584961,2015-05-13,2015-05-17
None,Ingolstadt,GER,2,1538.12255859,2015-05-18,2015-05-24
None,Ingolstadt,GER,2,1540.10437012,2015-05-25,2015-07-01
None,Ingolstadt,GER,1,1540.10437012,2015-07-02,2015-07-30
None,Ingolstadt,GER,1,1540.3059082,2015-07-31,2015-08-06
None,Ingolstadt,GER,1,1540.74987793,2015-08-07,2015-08-15
None,Ingolstadt,GER,1,1553.72961426,2015-08-16,2015-08-18
None,Ingolstadt,GER,1,1551.54614258,2015-08-19,2015-08-20
None,Ingolstadt,GER,1,1551.80212402,2015-08-21,2015-08-23
None,Ingolstadt,GER,1,1544.85827637,2015-08-24,2015-08-26
None,Ingolstadt,GER,1,1550.71020508,2015-08-27,2015-08-27
None,Ingolstadt,GER,1,1551.00463867,2015-08-28,2015-08-29
None,Ingolstadt,GER,1,1563.94238281,2015-08-30,2015-09-12
None,Ingolstadt,GER,1,1569.46875,2015-09-13,2015-09-15
None,Ingolstadt,GER,1,1569.2911377,2015-09-16,2015-09-16
None,Ingolstadt,GER,1,1571.87939453,2015-09-17,2015-09-17
None,Ingolstadt,GER,1,1574.25402832,2015-09-18,2015-09-19
None,Ingolstadt,GER,1,1586.08947754,2015-09-20,2015-09-22
None,Ingolstadt,GER,1,1578.26062012,2015-09-23,2015-09-25
None,Ingolstadt,GER,1,1582.25756836,2015-09-26,2015-09-29
None,Ingolstadt,GER,1,1582.15356445,2015-09-30,2015-09-30
None,Ingolstadt,GER,1,1577.24023438,2015-10-01,2015-10-01
None,Ingolstadt,GER,1,1569.43469238,2015-10-02,2015-10-03
None,Ingolstadt,GER,1,1583.12329102,2015-10-04,2015-10-18
None,Ingolstadt,GER,1,1576.49719238,2015-10-19,2015-10-20
None,Ingolstadt,GER,1,1570.05041504,2015-10-21,2015-10-21
None,Ingolstadt,GER,1,1573.42248535,2015-10-22,2015-10-22
None,Ingolstadt,GER,1,1575.32421875,2015-10-23,2015-10-24
None,Ingolstadt,GER,1,1567.5748291,2015-10-25,2015-10-31
None,Ingolstadt,GER,1,1572.86437988,2015-11-01,2015-11-03
None,Ingolstadt,GER,1,1568.29064941,2015-11-04,2015-11-04
None,Ingolstadt,GER,1,1568.25634766,2015-11-05,2015-11-05
None,Ingolstadt,GER,1,1570.84741211,2015-11-06,2015-11-07
None,Ingolstadt,GER,1,1577.28063965,2015-11-08,2015-11-22
None,Ingolstadt,GER,1,1586.08728027,2015-11-23,2015-11-24
None,Ingolstadt,GER,1,1585.77526855,2015-11-25,2015-11-25
None,Ingolstadt,GER,1,1593.33996582,2015-11-26,2015-11-26
None,Ingolstadt,GER,1,1588.92016602,2015-11-27,2015-11-28
None,Ingolstadt,GER,1,1575.84606934,2015-11-29,2015-12-05
None,Ingolstadt,GER,1,1576.30700684,2015-12-06,2015-12-08
None,Ingolstadt,GER,1,1576.13964844,2015-12-09,2015-12-09
None,Ingolstadt,GER,1,1578.73950195,2015-12-10,2015-12-10
None,Ingolstadt,GER,1,1578.5078125,2015-12-11,2015-12-12
None,Ingolstadt,GER,1,1577.33837891,2015-12-13,2015-12-19
None,Ingolstadt,GER,1,1573.31994629,2015-12-20,2016-01-23
None,Ingolstadt,GER,1,1583.22485352,2016-01-24,2016-01-30
None,Ingolstadt,GER,1,1579.92883301,2016-01-31,2016-02-06
None,Ingolstadt,GER,1,1589.26123047,2016-02-07,2016-02-13
None,Ingolstadt,GER,1,1584.48901367,2016-02-14,2016-02-17
None,Ingolstadt,GER,1,1586.54833984,2016-02-18,2016-02-18
None,Ingolstadt,GER,1,1591.87634277,2016-02-19,2016-02-20
None,Ingolstadt,GER,1,1603.03637695,2016-02-21,2016-02-23
None,Ingolstadt,GER,1,1604.02404785,2016-02-24,2016-02-25
None,Ingolstadt,GER,1,1599.30004883,2016-02-26,2016-02-27
None,Ingolstadt,GER,1,1601.97192383,2016-02-28,2016-03-01
None,Ingolstadt,GER,1,1602.234375,2016-03-02,2016-03-05
None,Ingolstadt,GER,1,1604.1640625,2016-03-06,2016-03-06
100,Ingolstadt,GER,1,1604.1640625,2016-03-07,2016-03-08
100,Ingolstadt,GER,1,1604.56018066,2016-03-09,2016-03-09
None,Ingolstadt,GER,1,1604.56018066,2016-03-10,2016-03-10
100,Ingolstadt,GER,1,1605.93200684,2016-03-11,2016-03-12
None,Ingolstadt,GER,1,1605.9901123,2016-03-13,2016-03-14
100,Ingolstadt,GER,1,1605.9901123,2016-03-15,2016-03-15
99,Ingolstadt,GER,1,1605.9901123,2016-03-16,2016-03-16
97,Ingolstadt,GER,1,1608.80847168,2016-03-17,2016-03-17
98,Ingolstadt,GER,1,1609.20178223,2016-03-18,2016-03-18
100,Ingolstadt,GER,1,1609.20178223,2016-03-19,2016-03-19
None,Ingolstadt,GER,1,1604.51635742,2016-03-20,2016-04-02
92,Ingolstadt,GER,1,1622.32580566,2016-04-03,2016-04-03
93,Ingolstadt,GER,1,1622.32580566,2016-04-04,2016-04-05
92,Ingolstadt,GER,1,1622.90771484,2016-04-06,2016-04-06
89,Ingolstadt,GER,1,1626.88757324,2016-04-07,2016-04-07
90,Ingolstadt,GER,1,1625.5078125,2016-04-08,2016-04-09
81,Ingolstadt,GER,1,1636.61523438,2016-04-10,2016-04-12
85,Ingolstadt,GER,1,1632.15209961,2016-04-13,2016-04-13
84,Ingolstadt,GER,1,1632.85693359,2016-04-14,2016-04-14
89,Ingolstadt,GER,1,1629.12756348,2016-04-15,2016-04-16
96,Ingolstadt,GER,1,1617.48168945,2016-04-17,2016-04-17
95,Ingolstadt,GER,1,1617.48168945,2016-04-18,2016-04-23
97,Ingolstadt,GER,1,1614.61987305,2016-04-24,2016-04-27
None,Ingolstadt,GER,1,1612.73937988,2016-04-28,2016-04-30
None,Ingolstadt,GER,1,1607.17321777,2016-05-01,2016-05-01
99,Ingolstadt,GER,1,1607.17321777,2016-05-02,2016-05-03
100,Ingolstadt,GER,1,1606.38806152,2016-05-04,2016-05-05
None,Ingolstadt,GER,1,1606.38806152,2016-05-06,2016-05-06
100,Ingolstadt,GER,1,1606.38806152,2016-05-07,2016-05-07
None,Ingolstadt,GER,1,1604.81433105,2016-05-08,2016-05-14
None,Ingolstadt,GER,1,1602.07763672,2016-05-15,2016-07-28
None,Ingolstadt,GER,1,1602.60803223,2016-07-29,2016-08-04
None,Ingolstadt,GER,1,1595.2734375,2016-08-05,2016-08-16
None,Ingolstadt,GER,1,1597.19519043,2016-08-17,2016-08-24
None,Ingolstadt,GER,1,1598.41516113,2016-08-25,2016-08-27
None,Ingolstadt,GER,1,1601.17834473,2016-08-28,2016-09-10
None,Ingolstadt,GER,1,1589.24707031,2016-09-11,2016-09-13
None,Ingolstadt,GER,1,1590.10632324,2016-09-14,2016-09-14
None,Ingolstadt,GER,1,1588.15039062,2016-09-15,2016-09-15
None,Ingolstadt,GER,1,1590.29150391,2016-09-16,2016-09-17
None,Ingolstadt,GER,1,1589.22668457,2016-09-18,2016-09-20
None,Ingolstadt,GER,1,1577.87145996,2016-09-21,2016-09-24
None,Ingolstadt,GER,1,1574.07128906,2016-09-25,2016-09-27
None,Ingolstadt,GER,1,1575.5234375,2016-09-28,2016-09-28
None,Ingolstadt,GER,1,1572.10461426,2016-09-29,2016-09-29
None,Ingolstadt,GER,1,1575.8326416,2016-09-30,2016-10-01
None,Ingolstadt,GER,1,1568.29577637,2016-10-02,2016-10-15
None,Ingolstadt,GER,1,1564.56970215,2016-10-16,2016-10-18
None,Ingolstadt,GER,1,1566.42333984,2016-10-19,2016-10-19
None,Ingolstadt,GER,1,1569.7088623,2016-10-20,2016-10-20
None,Ingolstadt,GER,1,1571.71875,2016-10-21,2016-10-22
None,Ingolstadt,GER,1,1577.84851074,2016-10-23,2016-10-29
None,Ingolstadt,GER,1,1572.55615234,2016-10-30,2016-11-01
None,Ingolstadt,GER,1,1571.38745117,2016-11-02,2016-11-02
None,Ingolstadt,GER,1,1576.1517334,2016-11-03,2016-11-03
None,Ingolstadt,GER,1,1572.5369873,2016-11-04,2016-11-05
None,Ingolstadt,GER,1,1561.50109863,2016-11-06,2016-11-19
None,Ingolstadt,GER,1,1571.51550293,2016-11-20,2016-11-22
None,Ingolstadt,GER,1,1572.01550293,2016-11-23,2016-11-23
None,Ingolstadt,GER,1,1567.91845703,2016-11-24,2016-11-24
None,Ingolstadt,GER,1,1570.74951172,2016-11-25,2016-11-26
None,Ingolstadt,GER,1,1572.54504395,2016-11-27,2016-12-03
None,Ingolstadt,GER,1,1567.18762207,2016-12-04,2016-12-06
None,Ingolstadt,GER,1,1568.0604248,2016-12-07,2016-12-07
None,Ingolstadt,GER,1,1573.56848145,2016-12-08,2016-12-08
None,Ingolstadt,GER,1,1570.01989746,2016-12-09,2016-12-10
None,Ingolstadt,GER,1,1580.01086426,2016-12-11,2016-12-18
None,Ingolstadt,GER,1,1594.65319824,2016-12-19,2016-12-21
None,Ingolstadt,GER,1,1586.53503418,2016-12-22,2017-01-21
None,Ingolstadt,GER,1,1582.97131348,2017-01-22,2017-01-28
None,Ingolstadt,GER,1,1593.29443359,2017-01-29,2017-02-04
None,Ingolstadt,GER,1,1588.96887207,2017-02-05,2017-02-11
None,Ingolstadt,GER,1,1586.74694824,2017-02-12,2017-02-14
None,Ingolstadt,GER,1,1584.90148926,2017-02-15,2017-02-15
None,Ingolstadt,GER,1,1587.8215332,2017-02-16,2017-02-16
None,Ingolstadt,GER,1,1586.65991211,2017-02-17,2017-02-18
98,Ingolstadt,GER,1,1604.63903809,2017-02-19,2017-02-19
97,Ingolstadt,GER,1,1604.63903809,2017-02-20,2017-02-21
100,Ingolstadt,GER,1,1601.93310547,2017-02-22,2017-02-22
None,Ingolstadt,GER,1,1601.79382324,2017-02-23,2017-02-23
97,Ingolstadt,GER,1,1608.35046387,2017-02-24,2017-02-25
96,Ingolstadt,GER,1,1608.35046387,2017-02-26,2017-02-26
None,Ingolstadt,GER,1,1599.3170166,2017-02-27,2017-03-04
None,Ingolstadt,GER,1,1593.16503906,2017-03-05,2017-03-07
None,Ingolstadt,GER,1,1594.18762207,2017-03-08,2017-03-08
None,Ingolstadt,GER,1,1600.6184082,2017-03-09,2017-03-11
None,Ingolstadt,GER,1,1602.14147949,2017-03-12,2017-03-15
None,Ingolstadt,GER,1,1602.56799316,2017-03-16,2017-03-17
None,Ingolstadt,GER,1,1601.08679199,2017-03-18,2017-04-02
98,Ingolstadt,GER,1,1609.3223877,2017-04-03,2017-04-03
99,Ingolstadt,GER,1,1609.3223877,2017-04-04,2017-04-05
89,Ingolstadt,GER,1,1620.61218262,2017-04-06,2017-04-08
88,Ingolstadt,GER,1,1620.61218262,2017-04-09,2017-04-09
88,Ingolstadt,GER,1,1625.05151367,2017-04-10,2017-04-10
89,Ingolstadt,GER,1,1625.05151367,2017-04-11,2017-04-12
90,Ingolstadt,GER,1,1618.00415039,2017-04-13,2017-04-13
93,Ingolstadt,GER,1,1614.31384277,2017-04-14,2017-04-15
None,Ingolstadt,GER,1,1605.77075195,2017-04-16,2017-04-17
99,Ingolstadt,GER,1,1605.77075195,2017-04-18,2017-04-18
None,Ingolstadt,GER,1,1603.45751953,2017-04-19,2017-04-19
None,Ingolstadt,GER,1,1600.62133789,2017-04-20,2017-04-20
None,Ingolstadt,GER,1,1600.69226074,2017-04-21,2017-04-22
None,Ingolstadt,GER,1,1590.55053711,2017-04-23,2017-04-29
None,Ingolstadt,GER,1,1595.80932617,2017-04-30,2017-05-06
None,Ingolstadt,GER,1,1597.10168457,2017-05-07,2017-05-13
None,Ingolstadt,GER,1,1600.79321289,2017-05-14,2017-05-20
None,Ingolstadt,GER,1,1602.39465332,2017-05-21,2017-05-21
100,Ingolstadt,GER,1,1602.39465332,2017-05-22,2017-05-24
None,Ingolstadt,GER,1,1602.39465332,2017-05-25,2017-07-01
None,Ingolstadt,GER,2,1602.39465332,2017-07-02,2017-07-27
None,Ingolstadt,GER,2,1602.37329102,2017-07-28,2017-07-29
None,Ingolstadt,GER,2,1590.82910156,2017-07-30,2017-08-03
None,Ingolstadt,GER,2,1581.90405273,2017-08-04,2017-08-04
None,Ingolstadt,GER,2,1571.82507324,2017-08-05,2017-08-15
None,Ingolstadt,GER,2,1569.14050293,2017-08-16,2017-08-20
None,Ingolstadt,GER,2,1549.08166504,2017-08-21,2017-08-23
None,Ingolstadt,GER,2,1547.4777832,2017-08-24,2017-08-25
None,Ingolstadt,GER,2,1554.10546875,2017-08-26,2017-09-09
None,Ingolstadt,GER,2,1541.05932617,2017-09-10,2017-09-12
None,Ingolstadt,GER,2,1541.66748047,2017-09-13,2017-09-13
None,Ingolstadt,GER,2,1539.78100586,2017-09-14,2017-09-14
None,Ingolstadt,GER,2,1534.03308105,2017-09-15,2017-09-16
None,Ingolstadt,GER,2,1552.12524414,2017-09-17,2017-09-19
None,Ingolstadt,GER,2,1546.4732666,2017-09-20,2017-09-24
None,Ingolstadt,GER,2,1533.40539551,2017-09-25,2017-09-26
None,Ingolstadt,GER,2,1528.25341797,2017-09-27,2017-09-27
None,Ingolstadt,GER,2,1524.02832031,2017-09-28,2017-09-28
None,Ingolstadt,GER,2,1512.6953125,2017-09-29,2017-09-29
None,Ingolstadt,GER,2,1524.02404785,2017-09-30,2017-10-14
None,Ingolstadt,GER,2,1522.96069336,2017-10-15,2017-10-17
None,Ingolstadt,GER,2,1524.18469238,2017-10-18,2017-10-18
None,Ingolstadt,GER,2,1524.84436035,2017-10-19,2017-10-19
None,Ingolstadt,GER,2,1520.92749023,2017-10-20,2017-10-20
None,Ingolstadt,GER,2,1527.14196777,2017-10-21,2017-10-27
None,Ingolstadt,GER,2,1536.82202148,2017-10-28,2017-10-31
None,Ingolstadt,GER,2,1537.88122559,2017-11-01,2017-11-01
None,Ingolstadt,GER,2,1533.37475586,2017-11-02,2017-11-02
None,Ingolstadt,GER,2,1537.70031738,2017-11-03,2017-11-06
None,Ingolstadt,GER,2,1545.30419922,2017-11-07,2017-11-19
None,Ingolstadt,GER,2,1550.13110352,2017-11-20,2017-11-21
None,Ingolstadt,GER,2,1555.4140625,2017-11-22,2017-11-22
None,Ingolstadt,GER,2,1556.29992676,2017-11-23,2017-11-23
None,Ingolstadt,GER,2,1555.26391602,2017-11-24,2017-11-25
None,Ingolstadt,GER,2,1554.13476562,2017-11-26,2017-12-04
None,Ingolstadt,GER,2,1537.55969238,2017-12-05,2017-12-05
None,Ingolstadt,GER,2,1539.83239746,2017-12-06,2017-12-06
None,Ingolstadt,GER,2,1535.78527832,2017-12-07,2017-12-07
None,Ingolstadt,GER,2,1530.21398926,2017-12-08,2017-12-10
None,Ingolstadt,GER,2,1527.14697266,2017-12-11,2017-12-15
None,Ingolstadt,GER,2,1535.49145508,2017-12-16,2018-01-23
None,Ingolstadt,GER,2,1531.00390625,2018-01-24,2018-01-26
None,Ingolstadt,GER,2,1520.91357422,2018-01-27,2018-02-03
None,Ingolstadt,GER,2,1527.50280762,2018-02-04,2018-02-11
None,Ingolstadt,GER,2,1524.43859863,2018-02-12,2018-02-15
None,Ingolstadt,GER,2,1532.27941895,2018-02-16,2018-02-17
None,Ingolstadt,GER,2,1520.10522461,2018-02-18,2018-02-20
None,Ingolstadt,GER,2,1521.52270508,2018-02-21,2018-02-22
None,Ingolstadt,GER,2,1521.37268066,2018-02-23,2018-02-24
None,Ingolstadt,GER,2,1512.26013184,2018-02-25,2018-03-05
None,Ingolstadt,GER,2,1500.03662109,2018-03-06,2018-03-08
None,Ingolstadt,GER,2,1497.80737305,2018-03-09,2018-03-10
None,Ingolstadt,GER,2,1497.69140625,2018-03-11,2018-03-14
None,Ingolstadt,GER,2,1498.13586426,2018-03-15,2018-03-15
None,Ingolstadt,GER,2,1500.67004395,2018-03-16,2018-03-18
None,Ingolstadt,GER,2,1507.70703125,2018-03-19,2018-03-31
None,Ingolstadt,GER,2,1515.05712891,2018-04-01,2018-04-03
None,Ingolstadt,GER,2,1516.11706543,2018-04-04,2018-04-05
None,Ingolstadt,GER,2,1517.74511719,2018-04-06,2018-04-08
None,Ingolstadt,GER,2,1514.03662109,2018-04-09,2018-04-11
None,Ingolstadt,GER,2,1513.80871582,2018-04-12,2018-04-12
None,Ingolstadt,GER,2,1507.20776367,2018-04-13,2018-04-15
None,Ingolstadt,GER,2,1504.91870117,2018-04-16,2018-04-22
None,Ingolstadt,GER,2,1490.94396973,2018-04-23,2018-04-25
None,Ingolstadt,GER,2,1487.96032715,2018-04-26,2018-04-29
None,Ingolstadt,GER,2,1466.37841797,2018-04-30,2018-05-01
None,Ingolstadt,GER,2,1466.37268066,2018-05-02,2018-05-06
None,Ingolstadt,GER,2,1479.5144043,2018-05-07,2018-05-13
None,Ingolstadt,GER,2,1462.52148438,2018-05-14,2018-07-26
None,Ingolstadt,GER,2,1463.69128418,2018-07-27,2018-08-02
None,Ingolstadt,GER,2,1463.66784668,2018-08-03,2018-08-04
None,Ingolstadt,GER,2,1455.70861816,2018-08-05,2018-08-09
None,Ingolstadt,GER,2,1456.35998535,2018-08-10,2018-08-10
None,Ingolstadt,GER,2,1453.63476562,2018-08-11,2018-08-16
None,Ingolstadt,GER,2,1453.98547363,2018-08-17,2018-08-23
None,Ingolstadt,GER,2,1453.81433105,2018-08-24,2018-08-25
None,Ingolstadt,GER,2,1452.68017578,2018-08-26,2018-08-30
None,Ingolstadt,GER,2,1453.96813965,2018-08-31,2018-08-31
None,Ingolstadt,GER,2,1458.60510254,2018-09-01,2018-09-16
None,Ingolstadt,GER,2,1442.42724609,2018-09-17,2018-09-18
None,Ingolstadt,GER,2,1444.48669434,2018-09-19,2018-09-19
None,Ingolstadt,GER,2,1448.68981934,2018-09-20,2018-09-20
None,Ingolstadt,GER,2,1452.37854004,2018-09-21,2018-09-21
None,Ingolstadt,GER,2,1441.94763184,2018-09-22,2018-09-25
None,Ingolstadt,GER,2,1438.25622559,2018-09-26,2018-10-01
None,Ingolstadt,GER,2,1430.44592285,2018-10-02,2018-10-02
None,Ingolstadt,GER,2,1426.41674805,2018-10-03,2018-10-03
None,Ingolstadt,GER,2,1431.72900391,2018-10-04,2018-10-04
None,Ingolstadt,GER,2,1440.76623535,2018-10-05,2018-10-07
None,Ingolstadt,GER,2,1430.42590332,2018-10-08,2018-10-19
None,Ingolstadt,GER,2,1415.59936523,2018-10-20,2018-10-23
None,Ingolstadt,GER,2,1416.47497559,2018-10-24,2018-10-24
None,Ingolstadt,GER,2,1422.18823242,2018-10-25,2018-10-25
None,Ingolstadt,GER,2,1420.88000488,2018-10-26,2018-10-28
None,Ingolstadt,GER,2,1418.60473633,2018-10-29,2018-11-03
None,Ingolstadt,GER,2,1422.36450195,2018-11-04,2018-11-06
None,Ingolstadt,GER,2,1421.76269531,2018-11-07,2018-11-07
None,Ingolstadt,GER,2,1423.03405762,2018-11-08,2018-11-08
None,Ingolstadt,GER,2,1422.12011719,2018-11-09,2018-11-11
None,Ingolstadt,GER,2,1421.25805664,2018-11-12,2018-11-25
None,Ingolstadt,GER,2,1412.42797852,2018-11-26,2018-11-27
None,Ingolstadt,GER,2,1410.27246094,2018-11-28,2018-11-28
None,Ingolstadt,GER,2,1405.73913574,2018-11-29,2018-11-29
None,Ingolstadt,GER,2,1404.96936035,2018-11-30,2018-12-01
None,Ingolstadt,GER,2,1399.92626953,2018-12-02,2018-12-08
None,Ingolstadt,GER,2,1402.765625,2018-12-09,2018-12-11
None,Ingolstadt,GER,2,1406.19372559,2018-12-12,2018-12-12
None,Ingolstadt,GER,2,1405.19152832,2018-12-13,2018-12-13
None,Ingolstadt,GER,2,1410.36108398,2018-12-14,2018-12-16
None,Ingolstadt,GER,2,1410.78820801,2018-12-17,2018-12-22
None,Ingolstadt,GER,2,1402.73779297,2018-12-23,2019-01-29
None,Ingolstadt,GER,2,1412.33203125,2019-01-30,2019-02-01
None,Ingolstadt,GER,2,1401.66259766,2019-02-02,2019-02-10
None,Ingolstadt,GER,2,1419.08081055,2019-02-11,2019-02-13
None,Ingolstadt,GER,2,1415.09423828,2019-02-14,2019-02-14
None,Ingolstadt,GER,2,1416.84118652,2019-02-15,2019-02-16
None,Ingolstadt,GER,2,1424.78210449,2019-02-17,2019-02-19
None,Ingolstadt,GER,2,1425.43518066,2019-02-20,2019-02-20
None,Ingolstadt,GER,2,1424.75964355,2019-02-21,2019-02-21
None,Ingolstadt,GER,2,1425.73828125,2019-02-22,2019-02-23
None,Ingolstadt,GER,2,1420.25891113,2019-02-24,2019-03-03
None,Ingolstadt,GER,2,1415.43322754,2019-03-04,2019-03-05
None,Ingolstadt,GER,2,1413.92248535,2019-03-06,2019-03-07
None,Ingolstadt,GER,2,1413.23303223,2019-03-08,2019-03-08
None,Ingolstadt,GER,2,1407.87988281,2019-03-09,2019-03-12
None,Ingolstadt,GER,2,1407.35424805,2019-03-13,2019-03-13
None,Ingolstadt,GER,2,1401.76074219,2019-03-14,2019-03-14
None,Ingolstadt,GER,2,1405.64733887,2019-03-15,2019-03-17
None,Ingolstadt,GER,2,1398.05688477,2019-03-18,2019-03-31
None,Ingolstadt,GER,2,1388.73742676,2019-04-01,2019-04-06
None,Ingolstadt,GER,2,1401.9934082,2019-04-07,2019-04-11
None,Ingolstadt,GER,2,1398.99401855,2019-04-12,2019-04-14
None,Ingolstadt,GER,2,1400.75488281,2019-04-15,2019-04-18
None,Ingolstadt,GER,2,1406.48706055,2019-04-19,2019-04-21
None,Ingolstadt,GER,2,1422.21594238,2019-04-22,2019-04-26
None,Ingolstadt,GER,2,1429.10571289,2019-04-27,2019-05-02
None,Ingolstadt,GER,2,1428.38598633,2019-05-03,2019-05-04
None,Ingolstadt,GER,2,1449.76013184,2019-05-05,2019-05-09
None,Ingolstadt,GER,2,1451.95532227,2019-05-10,2019-05-12
None,Ingolstadt,GER,2,1464.36254883,2019-05-13,2019-05-19
None,Ingolstadt,GER,2,1455.73535156,2019-05-20,2019-07-01
None,Ingolstadt,GER,2,1399.37438965,2021-07-01,2021-07-24
None,Ingolstadt,GER,2,1387.63964844,2021-07-25,2021-07-31
None,Ingolstadt,GER,2,1380.90087891,2021-08-01,2021-08-15
None,Ingolstadt,GER,2,1371.93273926,2021-08-16,2021-08-19
None,Ingolstadt,GER,2,1372.31530762,2021-08-20,2021-08-22
None,Ingolstadt,GER,2,1373.85766602,2021-08-23,2021-08-26
None,Ingolstadt,GER,2,1373.99475098,2021-08-27,2021-08-27
None,Ingolstadt,GER,2,1388.72802734,2021-08-28,2021-09-11
None,Ingolstadt,GER,2,1380.75280762,2021-09-12,2021-09-14
None,Ingolstadt,GER,2,1385.37182617,2021-09-15,2021-09-15
None,Ingolstadt,GER,2,1385.11608887,2021-09-16,2021-09-16
None,Ingolstadt,GER,2,1380.07275391,2021-09-17,2021-09-19
None,Ingolstadt,GER,2,1372.00146484,2021-09-20,2021-09-25
None,Ingolstadt,GER,2,1366.77075195,2021-09-26,2021-09-28
None,Ingolstadt,GER,2,1363.02978516,2021-09-29,2021-09-29
None,Ingolstadt,GER,2,1363.89868164,2021-09-30,2021-09-30
None,Ingolstadt,GER,2,1370.09216309,2021-10-01,2021-10-03
None,Ingolstadt,GER,2,1364.17504883,2021-10-04,2021-10-16
None,Ingolstadt,GER,2,1366.16259766,2021-10-17,2021-10-19
None,Ingolstadt,GER,2,1360.37854004,2021-10-20,2021-10-20
None,Ingolstadt,GER,2,1360.62414551,2021-10-21,2021-10-21
None,Ingolstadt,GER,2,1359.9296875,2021-10-22,2021-10-22
None,Ingolstadt,GER,2,1353.78112793,2021-10-23,2021-10-31
None,Ingolstadt,GER,2,1343.7298584,2021-11-01,2021-11-02
None,Ingolstadt,GER,2,1347.28027344,2021-11-03,2021-11-03
None,Ingolstadt,GER,2,1343.43139648,2021-11-04,2021-11-04
None,Ingolstadt,GER,2,1347.20458984,2021-11-05,2021-11-06
None,Ingolstadt,GER,2,1344.42822266,2021-11-07,2021-11-21
None,Ingolstadt,GER,2,1346.84533691,2021-11-22,2021-11-23
None,Ingolstadt,GER,2,1345.32104492,2021-11-24,2021-11-24
None,Ingolstadt,GER,2,1345.41943359,2021-11-25,2021-11-25
None,Ingolstadt,GER,2,1345.48876953,2021-11-26,2021-11-28
None,Ingolstadt,GER,2,1341.32202148,2021-11-29,2021-12-04
None,Ingolstadt,GER,2,1344.80407715,2021-12-05,2021-12-07
None,Ingolstadt,GER,2,1349.69543457,2021-12-08,2021-12-08
None,Ingolstadt,GER,2,1346.69824219,2021-12-09,2021-12-09
None,Ingolstadt,GER,2,1340.05090332,2021-12-10,2021-12-11
None,Ingolstadt,GER,2,1332.97143555,2021-12-12,2021-12-18
None,Ingolstadt,GER,2,1348.1328125,2021-12-19,2022-01-16
None,Ingolstadt,GER,2,1344.57348633,2022-01-17,2022-01-22
None,Ingolstadt,GER,2,1339.12731934,2022-01-23,2022-02-04
None,Ingolstadt,GER,2,1368.23449707,2022-02-05,2022-02-13
None,Ingolstadt,GER,2,1367.99450684,2022-02-14,2022-02-16
None,Ingolstadt,GER,2,1368.04333496,2022-02-17,2022-02-17
None,Ingolstadt,GER,2,1361.62524414,2022-02-18,2022-02-19
None,Ingolstadt,GER,2,1368.14929199,2022-02-20,2022-02-24
None,Ingolstadt,GER,2,1370.34240723,2022-02-25,2022-02-26
None,Ingolstadt,GER,2,1361.76062012,2022-02-27,2022-03-06
None,Ingolstadt,GER,2,1354.65588379,2022-03-07,2022-03-08
None,Ingolstadt,GER,2,1356.56567383,2022-03-09,2022-03-09
None,Ingolstadt,GER,2,1359.21606445,2022-03-10,2022-03-10
None,Ingolstadt,GER,2,1358.13330078,2022-03-11,2022-03-13
None,Ingolstadt,GER,2,1349.70617676,2022-03-14,2022-03-17
None,Ingolstadt,GER,2,1347.17053223,2022-03-18,2022-03-20
None,Ingolstadt,GER,2,1343.03564453,2022-03-21,2022-04-01
None,Ingolstadt,GER,2,1350.08728027,2022-04-02,2022-04-06
None,Ingolstadt,GER,2,1348.65344238,2022-04-07,2022-04-07
None,Ingolstadt,GER,2,1347.76379395,2022-04-08,2022-04-08
None,Ingolstadt,GER,2,1351.42700195,2022-04-09,2022-04-12
None,Ingolstadt,GER,2,1347.0078125,2022-04-13,2022-04-14
None,Ingolstadt,GER,2,1357.8692627,2022-04-15,2022-04-17
None,Ingolstadt,GER,2,1352.34216309,2022-04-18,2022-04-22
None,Ingolstadt,GER,2,1356.93798828,2022-04-23,2022-04-28
None,Ingolstadt,GER,2,1360.3815918,2022-04-29,2022-04-30
None,Ingolstadt,GER,2,1352.33703613,2022-05-01,2022-05-05
None,Ingolstadt,GER,2,1349.69116211,2022-05-06,2022-05-07
None,Ingolstadt,GER,2,1350.81188965,2022-05-08,2022-05-15
None,Ingolstadt,GER,2,1345.99316406,2022-05-16,2022-05-18
None,Ingolstadt,GER,2,1345.78466797,2022-05-19,2022-07-01


